0 0.782508 0.827636 0.866869 0.900129 0.927553 0.949447 0.966253 0.978559 0.987112 0.99278 0.996325 0.998368 0.999852 1 1 0.999412 1 1 0.999999 1 0.999983 1 1 1 1 1 1 1 1 1 1 1 1 1 1 1 1 1 1 1 1 1 1 1 1 1 1 1 1 1 1 1 1 1 1 1 1 1 1 1 1 1 1 1 1 1 1 1 1 1 1 1 1 1 1 1 1 1 1 1 1 1 1 1 1 1 1 1 1 1 1 1 1 1 1 1 1 1 1 1 1 1 1 1 1 1 1 1 1 1 1 1 1 1 1 1 1 1 1 1 1 1 1 1 1 1 1 1 1 1 1 1 1 1 1 1 1 1 1 1 1 1 1 1 1 1 1 1 1 1 1 1 1 1 1 1 1 1 1 1 1 1 1 1 1 1 1 1 1 1 1 1 1 1 1 1 1 1 1 1 1 1 1 1 1 1 1 1 1 1 1 1 1 1 1 1 1 1 1 1 1 1 1 1 1 1 1 1 1 1 1 1 1 1 1 1 1 1 1 1 1 1 1 1 1 1 1 1 1 1 1 1 1 1 1 1 1 1 1 1 1 1 1 1 1 1 1 1 1 1 1 1 1 1 1 1 1 1 1 1 1 1 1 1 1 1 1 1 1 1 1 1 1 1 1 1 1 1 1 1 1 1 1 1 1 1 1 1 1 1 1 1 1 1 1 1 1 1 1 1 1 1 1 1 1 1 1 1 1 1 1 1 1 1 1 1 1 1 1 1 1 1 1 1 1 1 1 1 1 1 1 1 1 1 1 1 1 1 1 1 1 1 1 1 1 1 1 1 1 1 1 1 1 1 1 1 1 1 1 1 1 1 1 1 1 1 1 1 1 1 1 1 1 1 1 1 1 1 1 1 1 1 1 1 1 1 1 1 1 1 1 1 1 1 1 1 1 1 1 1 1 1 1 1 1 1 1 1 1 1 1 1 1 1 1 1 1 1 1 1 1 1 1 1 1 1 1 1 1 1 1 1 1 1 1 1 1 1 1 1 1 1 1 1 1 1 1 1 1 1 1 1 1 1 1 1 1 1 1 1 1 1 1 1 1 1 1 1 1 1 1 1 1 1 1 1 1 1 1 1 1 1 1 1 1 1 1 1 1 1 1 1 1 1 1 1 1 1 1 1 1 1 1 1 1 1 1 1 1 1 1 1 1 1 1 1 1 1 1 1 1 1 1 1 1 1 1 1 1 1 1 1 1 1 1 1 1 1 1 1 1 1 1 1 1 1 1 1 1 1 1 1 1 1 1 1 1 1 1 1 1 1 1 1 1 1 1 1 1 1 1 1 1 1 1 1 1 1 1 1 1 1 1 1 1 1 1 1 1 1 1 1 1 1 1 1 1 1 1 1 1 1 1 1 1 1 1 1 1 1 1 1 1 1 1 1 1 1 1 1 1 1 1 1 1 1 1 1 1 1 1 1 1 1 1 1 1 1 1 1 1 1 1 1 1 1 1 1 1 1 1 1 1 1 1 1 1 1 1 1 1 1 1 1 1 1 1 1 1 1 1 1 1 1 1 1 1 1 1 1 1 1 1 1 1 1 1 1 1 1 1 1 1 1 1 1 1 1 1 1 1 1 1 1 1 1 1 1 1 1 1 1 1 1 1 1 1 1 1 1 1 1 1 1 1 1 1 1 1 1 1 1 1 1 1 1 1 1 1 1 1 1 1 1 1 1 1 1 1 1 1 1 1 1 1 1 1 1 1 1 1 1 1 1 1 1 1 1 1 1 1 1 1 1 1 1 1 1 1 1 1 0.999852 0.999412 0.999999 0.999983 1 0.998385 0.996456 0.993225 0.988174 1 0.937961 1 0.955924 0.980675 0.970081 0.861055 0.828611 0.890427 0.691722 0.575695 0.600383 0.574349 0.574349 0.574349 0.574349 0.574349 0.574349 0.574349 0.574349 0.574349 0.916135 0.574349 0.574349 0.574349 0.574349 0.574349 0.574349 0.574349 0.574349 0.574349 0.574349 0.574349 0.574349 0.574349 0.574349 0.574349 0.574349 0.574349 0.574349 0.574349 0.574349 0.574349 0.574349 0.574349 0.574349 0.574349 0.574349 0.574349 0.574349 0.574349 0.574349 0.574349 0.574349 0.574349 0.574349 0.574349 0.574349 0.574349 0.574349 0.574349 0.574349 0.574349 0.574349 0.574349 0.574349 0.574349 0.574349 0.574349 0.574349 0.574349 0.574349 0.574349 0.574349 0.574349 0.574349 0.574349 0.574349 0.574349 0.574349 0.574349 0.574349 0.574349 1 0.574349 0.574349 0.574349 0.574349 0.574349 0.57435 0.574349 0.574349 0.574349 0.574349 0.574349 0.574349 0.574349 0.574349 0.574349 0.574349 0.574349 0.574349 0.574349 0.574349 0.574349 0.574349 0.574349 0.574349 0.574349 0.574349 0.574349 0.574349 0.574349 0.574349 0.574349 0.574349 0.574349 0.574349 0.574349 0.574349 0.574349 0.574349 0.574349 0.574349 0.574349 0.574349 0.574349 0.574349 0.574349 0.574349 0.574349 0.574349 0.574349 0.574349 0.574349 0.574349 0.574349 0.574349 0.574349 0.574349 0.574349 0.574349 0.574349 0.574349 0.574349 0.574349 0.574349 0.574349 0.574349 0.574349 0.574349 0.574349 0.574349 0.574349 0.574349 0.574349 0.574349 0.574349 0.574349 0.574349 0.574349 0.574349 0.574349 0.574349 0.574349 0.574349 0.574349 0.574349 0.574349 0.574349 0.574349 0.574349 0.574349 0.574349 0.574349 0.574349 0.574349 0.574349 0.574349 0.574349 0.574349 0.574349 0.574349 0.574349 0.574349 0.574349 0.574349 0.574349 0.574349 0.574349 0.574349 0.574349 0.574349 0.574349 0.574349 0.574349 0.574349 0.574349 0.574349 0.574349 0.574349 0.574349 0.574349 0.574349 0.488358 0.574349 0.574349 0.574349 0.571948 0.552172 
1 0.782482 0.827612 0.866848 0.90011 0.927535 0.966237 0.94943 0.978544 0.987097 0.992766 0.996312 0.998357 0.999403 0.999845 0.999978 0.999996 1 1 1 1 1 1 1 0.999999 0.999999 0.999997 1 1 1 1 1 1 1 1 1 1 1 1 1 1 1 1 1 1 1 1 1 1 1 1 1 1 1 1 1 1 1 1 1 1 1 1 1 1 1 1 1 1 1 1 1 1 1 1 1 1 1 1 1 1 1 1 1 1 1 1 1 1 1 1 1 1 1 1 1 1 1 1 1 1 1 1 1 1 1 1 1 1 1 1 1 1 1 1 1 1 1 1 1 1 1 1 1 1 1 1 1 1 1 1 1 1 1 1 1 1 1 1 1 1 1 1 1 1 1 1 1 1 1 1 1 1 1 1 1 1 1 1 1 1 1 1 1 1 1 1 1 1 1 1 1 1 1 1 1 1 1 1 1 1 1 1 1 1 1 1 1 1 1 1 1 1 1 1 1 1 1 1 1 1 1 1 1 1 1 1 1 1 1 1 1 1 1 1 1 1 1 1 1 1 1 1 1 1 1 1 1 1 1 1 1 1 1 1 1 1 1 1 1 1 1 1 1 1 1 1 1 1 1 1 1 1 1 1 1 1 1 1 1 1 1 1 1 1 1 1 1 1 1 1 1 1 1 1 1 1 1 1 1 1 1 1 1 1 1 1 1 1 1 1 1 1 1 1 1 1 1 1 1 1 1 1 1 1 1 1 1 1 1 1 1 1 1 1 1 1 1 1 1 1 1 1 1 1 1 1 1 1 1 1 1 1 1 1 1 1 1 1 1 1 1 1 1 1 1 1 1 1 1 1 1 1 1 1 1 1 1 1 1 1 1 1 1 1 1 1 1 1 1 1 1 1 1 1 1 1 1 1 1 1 1 1 1 1 1 1 1 1 1 1 1 1 1 1 1 1 1 1 1 1 1 1 1 1 1 1 1 1 1 1 1 1 1 1 1 1 1 1 1 1 1 1 1 1 1 1 1 1 1 1 1 1 1 1 1 1 1 1 1 1 1 1 1 1 1 1 1 1 1 1 1 1 1 1 1 1 1 1 1 1 1 1 1 1 1 1 1 1 1 1 1 1 1 1 1 1 1 1 1 1 1 1 1 1 1 1 1 1 1 1 1 1 1 1 1 1 1 1 1 1 1 1 1 1 1 1 1 1 1 1 1 1 1 1 1 1 1 1 1 1 1 1 1 1 1 1 1 1 1 1 1 1 1 1 1 1 1 1 1 1 1 1 1 1 1 1 1 1 1 1 1 1 1 1 1 1 1 1 1 1 1 1 1 1 1 1 1 1 1 1 1 1 1 1 1 1 1 1 1 1 1 1 1 1 1 1 1 1 1 1 1 1 1 1 1 1 1 1 1 1 1 1 1 1 1 1 1 1 1 1 1 1 1 1 1 1 1 1 1 1 1 1 1 1 1 1 1 1 1 1 1 1 1 1 1 1 1 1 1 1 1 1 1 1 1 1 1 1 1 1 1 1 1 1 1 1 1 1 1 1 1 1 1 1 1 1 1 1 1 1 1 1 1 1 1 1 1 1 1 1 1 1 1 1 1 1 1 1 1 1 1 1 1 1 1 1 1 1 1 1 1 1 1 1 1 1 1 1 1 1 1 1 1 1 1 1 1 1 1 1 1 1 1 1 1 1 1 1 1 1 1 1 1 1 1 1 1 1 1 1 1 1 1 1 1 1 1 1 1 1 1 1 1 1 1 1 1 1 1 1 1 1 1 1 1 1 1 1 1 1 1 1 1 1 1 1 1 1 0.999999 0.999999 1 0.999996 0.999979 1 1 0.999998 0.999847 1 0.993215 0.980664 0.970069 0.955912 0.937949 0.916122 0.999406 0.890414 0.861042 0.828599 0.691724 0.600395 0.575701 0.574351 0.574349 0.998377 0.996447 0.988163 0.574349 0.574349 0.574349 0.574349 0.574349 0.574349 0.574349 0.574349 0.574349 0.574349 0.574349 0.574349 0.574349 0.574349 0.574349 0.574349 0.574349 0.574349 0.574349 0.574349 0.574349 0.574349 0.574349 0.574349 0.574349 0.574349 0.574349 0.574349 0.574349 0.574349 0.574349 0.574349 0.574349 0.574349 0.574349 0.574349 0.574349 0.574349 0.574349 0.574349 0.574349 0.574349 0.574349 0.574349 0.574349 0.574349 0.574349 0.574349 0.574349 0.574349 0.574349 0.574349 0.574349 0.574349 0.574349 0.574349 0.574349 0.574349 0.574349 0.574349 0.574349 0.574349 0.574349 0.574349 0.574349 0.574349 0.574349 0.574349 0.574349 0.574349 0.574349 0.574349 0.574349 0.574349 0.574349 0.574349 0.574349 0.574349 0.574349 0.574349 0.574349 0.574349 0.574349 0.574349 0.574349 0.574349 0.574349 0.574349 0.574349 0.574349 0.574349 0.574349 0.574349 0.574349 0.574349 0.574349 0.574349 0.574349 0.574349 0.574349 0.574349 0.574349 0.574349 0.574349 0.574349 0.574349 0.574349 0.574349 0.574349 0.574349 0.574349 0.574349 0.574349 0.574349 0.574349 0.574349 0.574349 0.574349 0.574349 0.574349 0.574349 0.574349 0.574349 0.574349 0.574349 0.574349 0.574349 0.574349 0.574349 0.574349 0.574349 0.574349 0.574349 0.574349 0.574349 0.574349 0.574349 0.574349 0.574349 0.574349 0.574349 0.574349 0.574349 0.574349 0.574349 0.574349 0.574349 0.574349 0.574349 0.574349 0.574349 0.574349 0.574349 0.574349 0.574349 0.574349 0.574349 0.574349 0.574349 0.574349 0.574349 0.574349 0.574349 0.574349 0.574349 0.574349 0.574349 0.574349 0.574349 0.574349 0.574349 0.574349 0.574349 0.574349 0.574349 0.574349 0.574349 0.574349 0.574349 0.574349 0.574349 0.574349 0.574349 0.574349 0.552166 0.574347 0.48835 0.574349 0.574349 0.574349 0.574349 0.574349 0.571943 0.574349 
2 0.782429 0.827564 0.866805 0.900071 0.9275 0.949397 0.966205 0.978512 0.987067 0.992738 0.996287 0.998336 0.999385 0.999831 0.999968 0.999989 0.999993 0.999998 0.999996 1 0.999999 1 1 1 1 1 1 1 1 1 1 1 1 1 1 1 1 1 1 1 1 1 1 1 1 1 1 1 1 1 1 1 1 1 1 1 1 1 1 1 1 1 1 1 1 1 1 1 1 1 1 1 1 1 1 1 1 1 1 1 1 1 1 1 1 1 1 1 1 1 1 1 1 1 1 1 1 1 1 1 1 1 1 1 1 1 1 1 1 1 1 1 1 1 1 1 1 1 1 1 1 1 1 1 1 1 1 1 1 1 1 1 1 1 1 1 1 1 1 1 1 1 1 1 1 1 1 1 1 1 1 1 1 1 1 1 1 1 1 1 1 1 1 1 1 1 1 1 1 1 1 1 1 1 1 1 1 1 1 1 1 1 1 1 1 1 1 1 1 1 1 1 1 1 1 1 1 1 1 1 1 1 1 1 1 1 1 1 1 1 1 1 1 1 1 1 1 1 1 1 1 1 1 1 1 1 1 1 1 1 1 1 1 1 1 1 1 1 1 1 1 1 1 1 1 1 1 1 1 1 1 1 1 1 1 1 1 1 1 1 1 1 1 1 1 1 1 1 1 1 1 1 1 1 1 1 1 1 1 1 1 1 1 1 1 1 1 1 1 1 1 1 1 1 1 1 1 1 1 1 1 1 1 1 1 1 1 1 1 1 1 1 1 1 1 1 1 1 1 1 1 1 1 1 1 1 1 1 1 1 1 1 1 1 1 1 1 1 1 1 1 1 1 1 1 1 1 1 1 1 1 1 1 1 1 1 1 1 1 1 1 1 1 1 1 1 1 1 1 1 1 1 1 1 1 1 1 1 1 1 1 1 1 1 1 1 1 1 1 1 1 1 1 1 1 1 1 1 1 1 1 1 1 1 1 1 1 1 1 1 1 1 1 1 1 1 1 1 1 1 1 1 1 1 1 1 1 1 1 1 1 1 1 1 1 1 1 1 1 1 1 1 1 1 1 1 1 1 1 1 1 1 1 1 1 1 1 1 1 1 1 1 1 1 1 1 1 1 1 1 1 1 1 1 1 1 1 1 1 1 1 1 1 1 1 1 1 1 1 1 1 1 1 1 1 1 1 1 1 1 1 1 1 1 1 1 1 1 1 1 1 1 1 1 1 1 1 1 1 1 1 1 1 1 1 1 1 1 1 1 1 1 1 1 1 1 1 1 1 1 1 1 1 1 1 1 1 1 1 1 1 1 1 1 1 1 1 1 1 1 1 1 1 1 1 1 1 1 1 1 1 1 1 1 1 1 1 1 1 1 1 1 1 1 1 1 1 1 1 1 1 1 1 1 1 1 1 1 1 1 1 1 1 1 1 1 1 1 1 1 1 1 1 1 1 1 1 1 1 1 1 1 1 1 1 1 1 1 1 1 1 1 1 1 1 1 1 1 1 1 1 1 1 1 1 1 1 1 1 1 1 1 1 1 1 1 1 1 1 1 1 1 1 1 1 1 1 1 1 1 1 1 1 1 1 1 1 1 1 1 1 1 1 1 1 1 1 1 1 1 1 1 1 1 1 1 1 1 1 1 1 1 1 1 1 1 1 1 1 1 1 1 1 1 1 1 1 1 1 1 1 1 1 1 1 1 1 1 1 1 1 1 1 1 1 1 1 1 1 1 1 1 1 1 1 1 1 1 1 1 1 1 1 1 1 1 1 1 1 1 1 1 1 1 1 1 1 1 1 1 1 1 1 1 1 1 0.999999 0.999998 1 1 0.999994 0.999996 1 0.999971 0.999991 0.999836 0.999392 1 0.993194 0.998361 0.996429 0.980641 0.970046 0.988141 0.955888 1 0.937924 0.916097 0.890389 0.861017 0.828576 0.574355 0.600419 0.575713 0.574349 0.574349 0.574349 0.574349 0.57435 0.574349 0.574349 0.574349 0.574349 0.574349 0.574349 0.574349 0.574349 0.574349 0.574349 0.574349 0.691728 0.574349 0.574349 0.574349 0.574349 0.574349 0.574349 0.574349 0.574349 0.574349 0.574349 0.574349 0.574349 0.574349 0.574349 0.574349 0.574349 0.574349 0.574349 0.574349 0.574349 0.574349 0.574349 0.574349 0.574349 0.574349 0.574349 0.574349 0.574349 0.574349 0.574349 0.574349 0.574349 0.574349 0.574349 0.574349 0.574349 0.574349 0.574349 0.574349 0.574349 0.574349 0.574349 0.574349 0.574349 0.574349 0.574349 0.574349 0.574349 0.574349 0.574349 0.574349 0.574349 0.574349 0.574349 0.574349 0.574349 0.574349 0.574349 0.574349 0.574349 0.574349 0.574349 0.574349 0.574349 0.574349 0.574349 0.574349 0.574349 0.574349 0.574349 0.574349 0.574349 0.574349 0.574349 0.574349 0.574349 0.574349 0.574349 0.574349 0.574349 0.574349 0.574349 0.574349 0.574349 0.574349 0.574349 0.574349 0.574349 0.574349 0.574349 0.574349 0.574349 0.574349 0.574349 0.574349 0.574349 0.574349 0.574349 0.574349 0.574349 0.574349 0.574349 0.574349 0.574349 0.574349 0.574349 0.574349 0.574349 0.574349 0.574349 0.574349 0.574349 0.574349 0.574349 0.574349 0.574349 0.574349 0.574349 0.574349 0.574349 0.574349 0.574349 0.574349 0.574349 0.574349 0.574349 0.574349 0.574349 0.574349 0.574349 0.574349 0.574349 0.574349 0.574349 0.574349 0.574349 0.574349 0.574349 0.574349 0.574349 0.574349 0.574349 0.574349 0.574349 0.574349 0.574349 0.574349 0.574349 0.574349 0.574349 0.574349 0.574349 0.574349 0.574349 0.574349 0.574349 0.574349 0.574349 0.574349 0.574349 0.574349 0.574349 0.574349 0.574349 0.574349 0.574349 0.574349 0.574349 0.574349 0.574349 0.574349 0.574349 0.574343 0.574349 0.574348 0.488335 0.574349 0.571934 0.552156 
3 0.782349 0.827492 0.866741 0.900013 0.927447 0.949347 0.966156 0.978465 0.987022 0.992696 0.99625 0.998303 0.999811 0.999359 0.999952 0.999978 0.999998 0.999996 1 1 1 1 0.999986 1 1 1 1 1 0.999992 1 1 1 1 1 1 1 1 1 1 1 1 1 1 1 1 1 1 1 1 1 1 1 1 1 1 1 1 1 1 1 1 1 1 1 1 1 1 1 1 1 1 1 1 1 1 1 1 1 1 1 1 1 1 1 1 1 1 1 1 1 1 1 1 1 1 1 1 1 1 1 1 1 1 1 1 1 1 1 1 1 1 1 1 1 1 1 1 1 1 1 1 1 1 1 1 1 1 1 1 1 1 1 1 1 1 1 1 1 1 1 1 1 1 1 1 1 1 1 1 1 1 1 1 1 1 1 1 1 1 1 1 1 1 1 1 1 1 1 1 1 1 1 1 1 1 1 1 1 1 1 1 1 1 1 1 1 1 1 1 1 1 1 1 1 1 1 1 1 1 1 1 1 1 1 1 1 1 1 1 1 1 1 1 1 1 1 1 1 1 1 1 1 1 1 1 1 1 1 1 1 1 1 1 1 1 1 1 1 1 1 1 1 1 1 1 1 1 1 1 1 1 1 1 1 1 1 1 1 1 1 1 1 1 1 1 1 1 1 1 1 1 1 1 1 1 1 1 1 1 1 1 1 1 1 1 1 1 1 1 1 1 1 1 1 1 1 1 1 1 1 1 1 1 1 1 1 1 1 1 1 1 1 1 1 1 1 1 1 1 1 1 1 1 1 1 1 1 1 1 1 1 1 1 1 1 1 1 1 1 1 1 1 1 1 1 1 1 1 1 1 1 1 1 1 1 1 1 1 1 1 1 1 1 1 1 1 1 1 1 1 1 1 1 1 1 1 1 1 1 1 1 1 1 1 1 1 1 1 1 1 1 1 1 1 1 1 1 1 1 1 1 1 1 1 1 1 1 1 1 1 1 1 1 1 1 1 1 1 1 1 1 1 1 1 1 1 1 1 1 1 1 1 1 1 1 1 1 1 1 1 1 1 1 1 1 1 1 1 1 1 1 1 1 1 1 1 1 1 1 1 1 1 1 1 1 1 1 1 1 1 1 1 1 1 1 1 1 1 1 1 1 1 1 1 1 1 1 1 1 1 1 1 1 1 1 1 1 1 1 1 1 1 1 1 1 1 1 1 1 1 1 1 1 1 1 1 1 1 1 1 1 1 1 1 1 1 1 1 1 1 1 1 1 1 1 1 1 1 1 1 1 1 1 1 1 1 1 1 1 1 1 1 1 1 1 1 1 1 1 1 1 1 1 1 1 1 1 1 1 1 1 1 1 1 1 1 1 1 1 1 1 1 1 1 1 1 1 1 1 1 1 1 1 1 1 1 1 1 1 1 1 1 1 1 1 1 1 1 1 1 1 1 1 1 1 1 1 1 1 1 1 1 1 1 1 1 1 1 1 1 1 1 1 1 1 1 1 1 1 1 1 1 1 1 1 1 1 1 1 1 1 1 1 1 1 1 1 1 1 1 1 1 1 1 1 1 1 1 1 1 1 1 1 1 1 1 1 1 1 1 1 1 1 1 1 1 1 1 1 1 1 1 1 1 1 1 1 1 1 1 1 1 1 1 1 1 1 1 1 1 1 1 1 1 1 1 1 1 1 1 1 1 1 1 1 1 1 1 1 1 1 1 1 1 1 1 1 1 1 1 1 1 1 1 1 1 1 1 1 1 1 1 1 1 1 1 1 1 1 1 1 1 1 1 1 1 1 1 1 1 1 1 1 1 1 1 1 0.999996 1 0.999998 0.999993 0.999983 1 0.999989 0.999959 0.999821 1 1 0.999372 0.998337 0.996401 0.993163 0.988108 0.955852 0.980606 0.937887 0.89035 0.970011 0.916059 0.860979 0.828541 0.575732 0.57435 0.574349 0.574349 0.574349 0.574349 0.574349 0.574349 0.574349 0.574349 0.574349 0.574349 0.691735 0.574349 0.574349 0.574349 0.574349 0.574349 0.574349 0.574349 0.574349 0.574349 0.574349 0.574349 0.600454 0.57436 0.574349 0.574349 0.574349 0.574349 0.574349 0.574349 0.574349 0.574349 0.574349 0.574349 0.574349 0.574349 0.574349 0.574349 0.574349 0.574349 0.574349 0.574349 0.574349 0.574349 0.574349 0.574349 0.574349 0.574349 0.574349 0.574349 0.574349 0.574349 0.574349 0.574349 0.574349 0.574349 0.574349 0.574349 0.574349 0.574349 0.574349 0.574349 0.574349 0.574349 0.574349 0.574349 0.574349 0.574349 0.574349 0.574349 0.574349 0.574349 0.574349 0.574349 0.574349 0.574349 0.574349 0.574349 0.574349 0.574349 0.574349 0.574349 0.574349 0.574349 0.574349 0.574349 0.574349 0.574349 0.574349 0.574349 0.574349 0.574349 0.574349 0.574349 0.574349 0.574349 0.574349 0.574349 0.574349 0.574349 0.574349 0.574349 0.574349 0.574349 0.574349 0.574349 0.574349 0.574349 0.574349 0.574349 0.574349 0.574349 0.574349 0.574349 0.574349 0.574349 0.574349 0.574349 0.574349 0.574349 0.574349 0.574349 0.574349 0.574349 0.574349 0.574349 0.574349 0.574349 0.574349 0.574349 0.574349 0.574349 0.574349 0.574349 0.574349 0.574349 0.574349 0.574349 0.574349 0.574349 0.574349 0.574349 0.574349 0.574349 0.574349 0.574349 0.574349 0.574349 0.574349 0.574349 0.574349 0.574349 0.574349 0.574349 0.574349 0.574349 0.574349 0.574349 0.574349 0.574349 0.574349 0.574349 0.574349 0.574349 0.574349 0.574349 0.574349 0.574349 0.574349 0.574349 0.574349 0.574349 0.574349 0.574349 0.574349 0.574349 0.574349 0.574349 0.574349 0.574349 0.574349 0.574349 0.574349 0.574349 0.574349 0.574349 0.574349 0.574349 0.574349 0.574349 0.574349 0.574349 0.574337 0.574347 0.57192 0.552139 0.488312 
4 0.782242 0.827396 0.866655 0.899936 0.927376 0.94928 0.966092 0.978402 0.986961 0.99264 0.9962 0.99826 0.999324 0.999964 0.999977 0.999993 0.999987 0.999997 1 1 1 1 0.999932 1 0.999783 1 1 1 1 1 1 1 1 1 1 1 1 1 1 1 1 1 1 1 1 1 1 1 1 1 1 1 1 1 1 1 1 1 1 1 1 1 1 1 1 1 1 1 1 1 1 1 1 1 1 1 1 1 1 1 1 1 1 1 1 1 1 1 1 1 1 1 1 1 1 1 1 1 1 1 1 1 1 1 1 1 1 1 1 1 1 1 1 1 1 1 1 1 1 1 1 1 1 1 1 1 1 1 1 1 1 1 1 1 1 1 1 1 1 1 1 1 1 1 1 1 1 1 1 1 1 1 1 1 1 1 1 1 1 1 1 1 1 1 1 1 1 1 1 1 1 1 1 1 1 1 1 1 1 1 1 1 1 1 1 1 1 1 1 1 1 1 1 1 1 1 1 1 1 1 1 1 1 1 1 1 1 1 1 1 1 1 1 1 1 1 1 1 1 1 1 1 1 1 1 1 1 1 1 1 1 1 1 1 1 1 1 1 1 1 1 1 1 1 1 1 1 1 1 1 1 1 1 1 1 1 1 1 1 1 1 1 1 1 1 1 1 1 1 1 1 1 1 1 1 1 1 1 1 1 1 1 1 1 1 1 1 1 1 1 1 1 1 1 1 1 1 1 1 1 1 1 1 1 1 1 1 1 1 1 1 1 1 1 1 1 1 1 1 1 1 1 1 1 1 1 1 1 1 1 1 1 1 1 1 1 1 1 1 1 1 1 1 1 1 1 1 1 1 1 1 1 1 1 1 1 1 1 1 1 1 1 1 1 1 1 1 1 1 1 1 1 1 1 1 1 1 1 1 1 1 1 1 1 1 1 1 1 1 1 1 1 1 1 1 1 1 1 1 1 1 1 1 1 1 1 1 1 1 1 1 1 1 1 1 1 1 1 1 1 1 1 1 1 1 1 1 1 1 1 1 1 1 1 1 1 1 1 1 1 1 1 1 1 1 1 1 1 1 1 1 1 1 1 1 1 1 1 1 1 1 1 1 1 1 1 1 1 1 1 1 1 1 1 1 1 1 1 1 1 1 1 1 1 1 1 1 1 1 1 1 1 1 1 1 1 1 1 1 1 1 1 1 1 1 1 1 1 1 1 1 1 1 1 1 1 1 1 1 1 1 1 1 1 1 1 1 1 1 1 1 1 1 1 1 1 1 1 1 1 1 1 1 1 1 1 1 1 1 1 1 1 1 1 1 1 1 1 1 1 1 1 1 1 1 1 1 1 1 1 1 1 1 1 1 1 1 1 1 1 1 1 1 1 1 1 1 1 1 1 1 1 1 1 1 1 1 1 1 1 1 1 1 1 1 1 1 1 1 1 1 1 1 1 1 1 1 1 1 1 1 1 1 1 1 1 1 1 1 1 1 1 1 1 1 1 1 1 1 1 1 1 1 1 1 1 1 1 1 1 1 1 1 1 1 1 1 1 1 1 1 1 1 1 1 1 1 1 1 1 1 1 1 1 1 1 1 1 1 1 1 1 1 1 1 1 1 1 1 1 1 1 1 1 1 1 1 1 1 1 1 1 1 1 1 1 1 1 1 1 1 1 1 1 1 1 1 1 1 1 1 1 1 1 1 1 1 1 1 1 1 1 1 1 1 1 1 1 1 1 1 1 1 1 1 1 1 1 1 1 1 1 1 1 1 1 1 1 1 1 1 1 1 1 1 1 1 1 1 1 1 1 1 1 1 1 1 1 1 0.999997 0.999971 0.9998 1 1 0.999346 0.999943 0.999989 0.993123 0.999981 0.999994 0.998305 0.988064 0.969964 0.937838 0.890299 0.828494 0.996364 0.575757 0.574367 0.980561 0.57435 0.574348 0.955804 0.574349 0.916009 0.574349 0.600502 0.574349 0.574349 0.860929 0.574349 0.574349 0.574349 0.574349 0.574349 0.574349 0.574349 0.574349 0.574349 0.574349 0.574349 0.574349 0.574349 0.574349 0.574349 0.574349 0.574349 0.574349 0.574349 0.574349 0.574349 0.574349 0.574349 0.574349 0.574349 0.691743 0.574349 0.574349 0.574349 0.574349 0.574349 0.574349 0.574349 0.574349 0.574349 0.574349 0.574349 0.574349 0.574349 0.574349 0.574349 0.574349 0.574349 0.574349 0.574349 0.574349 0.574349 0.574349 0.574349 0.574349 0.574349 0.574349 0.574349 0.574349 0.574349 0.574349 0.574349 0.574349 0.574349 0.574349 0.574349 0.574349 0.574349 0.574349 0.574349 0.574349 0.574349 0.574349 0.574349 0.574349 0.574349 0.574349 0.574349 0.574349 0.574349 0.574349 0.574349 0.574349 0.574349 0.574349 0.574349 0.574349 0.574349 0.574349 0.574349 0.574349 0.574349 0.574349 0.574349 0.574349 0.574349 0.574349 0.574349 0.574349 0.574349 0.574349 0.574349 0.574349 0.574349 0.574349 0.574349 0.574349 0.574349 0.574349 0.574349 0.574349 0.574349 0.574349 0.574349 0.574349 0.574349 0.574349 0.574349 0.574349 0.574349 0.574349 0.574349 0.574349 0.574349 0.574349 0.574349 0.574349 0.574349 0.574349 0.574349 0.574349 0.574349 0.574349 0.574349 0.574349 0.574349 0.574349 0.574349 0.574349 0.574349 0.574349 0.574349 0.574349 0.574349 0.574349 0.574349 0.574349 0.574349 0.574349 0.574349 0.574349 0.574349 0.574349 0.574349 0.574349 0.574349 0.574349 0.574349 0.574349 0.574349 0.574349 0.574349 0.574349 0.574349 0.574349 0.574349 0.574349 0.574349 0.574349 0.574349 0.574349 0.574349 0.574349 0.574349 0.574349 0.574349 0.574349 0.574349 0.574349 0.574349 0.574349 0.574349 0.574349 0.574349 0.574349 0.574349 0.574349 0.574346 0.574349 0.571902 0.574349 0.552117 0.574349 0.574329 0.488282 
5 0.782109 0.827276 0.866548 0.89984 0.927287 0.949196 0.966011 0.978324 0.986886 0.99257 0.996137 0.998207 0.999279 0.999947 0.999749 0.999907 0.999996 0.999966 1 0.99998 1 0.99999 1 1 1 1 1 1 1 1 1 1 1 1 1 1 1 1 1 1 1 1 1 1 1 1 1 1 1 1 1 1 1 1 1 1 1 1 1 1 1 1 1 1 1 1 1 1 1 1 1 1 1 1 1 1 1 1 1 1 1 1 1 1 1 1 1 1 1 1 1 1 1 1 1 1 1 1 1 1 1 1 1 1 1 1 1 1 1 1 1 1 1 1 1 1 1 1 1 1 1 1 1 1 1 1 1 1 1 1 1 1 1 1 1 1 1 1 1 1 1 1 1 1 1 1 1 1 1 1 1 1 1 1 1 1 1 1 1 1 1 1 1 1 1 1 1 1 1 1 1 1 1 1 1 1 1 1 1 1 1 1 1 1 1 1 1 1 1 1 1 1 1 1 1 1 1 1 1 1 1 1 1 1 1 1 1 1 1 1 1 1 1 1 1 1 1 1 1 1 1 1 1 1 1 1 1 1 1 1 1 1 1 1 1 1 1 1 1 1 1 1 1 1 1 1 1 1 1 1 1 1 1 1 1 1 1 1 1 1 1 1 1 1 1 1 1 1 1 1 1 1 1 1 1 1 1 1 1 1 1 1 1 1 1 1 1 1 1 1 1 1 1 1 1 1 1 1 1 1 1 1 1 1 1 1 1 1 1 1 1 1 1 1 1 1 1 1 1 1 1 1 1 1 1 1 1 1 1 1 1 1 1 1 1 1 1 1 1 1 1 1 1 1 1 1 1 1 1 1 1 1 1 1 1 1 1 1 1 1 1 1 1 1 1 1 1 1 1 1 1 1 1 1 1 1 1 1 1 1 1 1 1 1 1 1 1 1 1 1 1 1 1 1 1 1 1 1 1 1 1 1 1 1 1 1 1 1 1 1 1 1 1 1 1 1 1 1 1 1 1 1 1 1 1 1 1 1 1 1 1 1 1 1 1 1 1 1 1 1 1 1 1 1 1 1 1 1 1 1 1 1 1 1 1 1 1 1 1 1 1 1 1 1 1 1 1 1 1 1 1 1 1 1 1 1 1 1 1 1 1 1 1 1 1 1 1 1 1 1 1 1 1 1 1 1 1 1 1 1 1 1 1 1 1 1 1 1 1 1 1 1 1 1 1 1 1 1 1 1 1 1 1 1 1 1 1 1 1 1 1 1 1 1 1 1 1 1 1 1 1 1 1 1 1 1 1 1 1 1 1 1 1 1 1 1 1 1 1 1 1 1 1 1 1 1 1 1 1 1 1 1 1 1 1 1 1 1 1 1 1 1 1 1 1 1 1 1 1 1 1 1 1 1 1 1 1 1 1 1 1 1 1 1 1 1 1 1 1 1 1 1 1 1 1 1 1 1 1 1 1 1 1 1 1 1 1 1 1 1 1 1 1 1 1 1 1 1 1 1 1 1 1 1 1 1 1 1 1 1 1 1 1 1 1 1 1 1 1 1 1 1 1 1 1 1 1 1 1 1 1 1 1 1 1 1 1 1 1 1 1 1 1 1 1 1 1 1 1 1 1 1 1 1 1 1 1 1 1 1 1 1 1 1 1 1 1 1 1 1 1 1 1 1 1 1 1 1 1 1 1 1 1 1 1 1 1 1 1 1 1 1 1 1 1 1 1 1 1 1 1 1 1 1 1 1 1 1 1 1 1 1 1 1 1 1 1 1 1 1 1 1 1 1 1 1 1 1 1 1 1 1 1 1 1 1 1 1 1 0.999983 0.999972 0.999958 0.999923 1 0.999996 0.999999 0.999991 0.98801 0.998265 0.996318 0.980504 0.999313 0.969905 0.955744 0.915946 0.999773 0.860866 0.890235 0.937776 0.828436 0.575788 0.691754 0.993071 0.600561 0.574348 0.574351 0.574349 0.574349 0.574349 0.574349 0.574349 0.574349 0.574349 0.574349 0.574376 0.574349 0.574349 0.574349 0.574349 0.574349 0.574349 0.574349 0.574349 0.574349 0.574349 0.574349 0.574349 0.574349 0.574349 0.574349 0.574349 0.574349 0.574349 0.574349 0.574349 0.574349 0.574349 0.574349 0.574349 0.574349 0.574349 0.574349 0.574349 0.574349 0.574349 0.574349 0.574349 0.574349 0.574349 0.574349 0.574349 0.574349 0.574349 0.574349 0.574349 0.574349 0.574349 0.574349 0.574349 0.574349 0.574349 0.574349 0.574349 0.574349 0.574349 0.574349 0.574349 0.574349 0.574349 0.574349 0.574349 0.574349 0.574349 0.574349 0.574349 0.574349 0.574349 0.574349 0.574349 0.574349 0.574349 0.574349 0.574349 0.574349 0.574349 0.574349 0.574349 0.574349 0.574349 0.574349 0.574349 0.574349 0.574349 0.574349 0.574349 0.574349 0.574349 0.574349 0.574349 0.574349 0.574349 0.574349 0.574349 0.574349 0.574349 0.574349 0.574349 0.574349 0.574349 0.574349 0.574349 0.574349 0.574349 0.574349 0.574349 0.574349 0.574349 0.574349 0.574349 0.574349 0.574349 0.574349 0.574349 0.574349 0.574349 0.574349 0.574349 0.574349 0.574349 0.574349 0.574349 0.574349 0.574349 0.574349 0.574349 0.574349 0.574349 0.574349 0.574349 0.574349 0.574349 0.574349 0.574349 0.574349 0.574349 0.574349 0.574349 0.574349 0.574349 0.574349 0.574349 0.574349 0.574349 0.574349 0.574349 0.574349 0.574349 0.574349 0.574349 0.574349 0.574349 0.574349 0.574349 0.574349 0.574349 0.574349 0.574349 0.574349 0.574349 0.574349 0.574349 0.574349 0.574349 0.574349 0.574349 0.574349 0.574349 0.574349 0.574349 0.574349 0.574349 0.574349 0.574349 0.574349 0.574349 0.574349 0.574349 0.574349 0.574349 0.574349 0.574345 0.574349 0.574349 0.571879 0.488244 0.574319 0.55209 0.574349 0.574349 0.574349 
6 0.78195 0.827132 0.86642 0.899724 0.927181 0.949096 0.965915 0.97823 0.986796 0.992486 0.996062 0.998142 0.999226 0.999708 0.999876 0.999926 0.999972 0.999953 1 1 1 0.999986 1 1 1 1 1 1 1 1 1 1 1 1 1 1 1 1 1 1 1 1 1 1 1 1 1 1 1 1 1 1 1 1 1 1 1 1 1 1 1 1 1 1 1 1 1 1 1 1 1 1 1 1 1 1 1 1 1 1 1 1 1 1 1 1 1 1 0.999995 1 1 1 1 1 1 1 1 1 1 1 1 1 1 1 1 1 1 1 1 1 1 1 1 1 1 1 1 1 1 1 1 1 1 1 1 1 1 1 1 1 1 1 1 1 1 1 1 1 1 1 1 1 1 1 1 1 1 1 1 1 1 1 1 1 1 1 1 1 1 1 1 1 1 1 1 1 1 1 1 1 1 1 1 1 1 1 1 1 1 1 1 1 1 1 1 1 1 1 1 1 1 1 1 1 1 1 1 1 1 1 1 1 1 1 1 1 1 1 1 1 1 1 1 1 1 1 1 1 1 1 1 1 1 1 1 1 1 1 1 1 1 1 1 1 1 1 1 1 1 1 1 1 1 1 1 1 1 1 1 1 1 1 1 1 1 1 1 1 1 1 1 1 1 1 1 1 1 1 1 1 1 1 1 1 1 1 1 1 1 1 1 1 1 1 1 1 1 1 1 1 1 1 1 1 1 1 1 1 1 1 1 1 1 1 1 1 1 1 1 1 1 1 1 1 1 1 1 1 1 1 1 1 1 1 1 1 1 1 1 1 1 1 1 1 1 1 1 1 1 1 1 1 1 1 1 1 1 1 1 1 1 1 1 1 1 1 1 1 1 1 1 1 1 1 1 1 1 1 1 1 1 1 1 1 1 1 1 1 1 1 1 1 1 1 1 1 1 1 1 1 1 1 1 1 1 1 1 1 1 1 1 1 1 1 1 1 1 1 1 1 1 1 1 1 1 1 1 1 1 1 1 1 1 1 1 1 1 1 1 1 1 1 1 1 1 1 1 1 1 1 1 1 1 1 1 1 1 1 1 1 1 1 1 1 1 1 1 1 1 1 1 1 1 1 1 1 1 1 1 1 1 1 1 1 1 1 1 1 1 1 1 1 1 1 1 1 1 1 1 1 1 1 1 1 1 1 1 1 1 1 1 1 1 1 1 1 1 1 1 1 1 1 1 1 1 1 1 1 1 1 1 1 1 1 1 1 1 1 1 1 1 1 1 1 1 1 1 1 1 1 1 1 1 1 1 1 1 1 1 1 1 1 1 1 1 1 1 1 1 1 1 1 1 1 1 1 1 1 1 1 1 1 1 1 1 1 1 1 1 1 1 1 1 1 1 1 1 1 1 1 1 1 1 1 1 1 1 1 1 1 1 1 1 1 1 1 1 1 1 1 1 1 1 1 1 1 1 1 1 1 1 1 1 1 1 1 1 1 1 1 1 1 1 1 1 1 1 1 1 1 1 1 1 1 1 1 1 1 1 1 1 1 1 1 1 1 1 1 1 1 1 1 1 1 1 1 1 1 1 1 1 1 1 1 1 1 1 1 1 1 1 1 1 1 1 1 1 1 1 1 1 1 1 1 1 1 1 1 1 1 1 1 1 1 1 1 1 1 1 1 1 1 1 1 1 1 1 1 1 1 1 1 1 1 1 1 1 1 1 1 1 1 1 1 1 1 1 1 1 1 1 1 1 1 1 1 1 1 1 1 1 1 1 1 1 1 1 1 1 1 1 1 1 1 1 1 1 1 1 1 1 1 1 1 1 0.999995 0.999987 0.999976 0.999961 0.999941 0.9999 0.999999 0.998217 0.996263 1 0.999742 1 0.969835 0.99301 0.955672 0.937703 0.91587 0.890159 0.86079 1 0.600632 0.575826 0.691767 0.574352 0.574387 0.574349 1 0.574347 0.574349 0.574349 0.574349 0.574349 0.574349 0.828367 0.999273 0.574349 0.574349 0.987944 0.574349 0.574349 0.574349 0.574349 0.574349 0.574349 0.574349 0.574349 0.574349 0.574349 0.574349 0.980435 0.574349 0.574349 0.574349 0.574349 0.574349 0.574349 0.574349 0.574349 0.574349 1 0.574349 0.574349 0.574349 0.574349 0.574349 0.574349 0.574349 0.574349 0.574349 0.574349 0.574349 0.574349 0.574349 0.574349 0.574349 0.574349 0.574349 0.574349 0.574349 0.574349 0.574349 0.574349 0.574349 0.574349 0.574349 0.574349 0.574349 0.574349 0.574349 0.574349 0.574349 0.574349 0.574349 0.574349 0.574349 0.574349 0.574349 0.574349 0.574349 0.574349 0.574349 0.574349 0.574349 0.574349 0.574349 0.574349 0.574349 0.574349 0.574349 0.574349 0.574349 0.574349 0.574349 0.574349 0.574349 0.574349 0.574349 0.574349 0.574349 0.574349 0.574349 0.574349 0.574349 0.574349 0.574349 0.574349 0.574349 0.574349 0.574349 0.574349 0.574349 0.574349 0.574349 0.574349 0.574349 0.574349 0.574349 0.574349 0.574349 0.574349 0.574349 0.574349 0.574349 0.574349 0.574349 0.574349 0.574349 0.574349 0.574349 0.574349 0.574349 0.574349 0.574349 0.574349 0.574349 0.574349 0.574349 0.574349 0.574349 0.574349 0.574349 0.574349 0.574349 0.574349 0.574349 0.574349 0.574349 0.574349 0.574349 0.574349 0.574349 0.574349 0.574349 0.574349 0.574349 0.574349 0.574349 0.574349 0.574349 0.574349 0.574349 0.574349 0.574349 0.574349 0.574349 0.574349 0.574349 0.574349 0.574349 0.574349 0.574349 0.574349 0.574349 0.574349 0.574349 0.574349 0.574349 0.574349 0.574349 0.574349 0.574349 0.574349 0.574349 0.574349 0.574349 0.574349 0.574349 0.574349 0.574349 0.574349 0.574349 0.574349 0.574349 0.574349 0.574349 0.574349 0.574349 0.574307 0.574343 0.574349 0.571852 0.57435 0.552057 0.488199 0.574349 
7 0.781764 0.826964 0.86627 0.89959 0.927058 0.948979 0.965802 0.97812 0.986691 0.992388 0.995974 0.998067 0.999165 0.999659 0.999902 0.999981 0.999841 1 1 0.999937 1 0.999963 1 1 1 1 1 1 1 1 1 0.999993 1 1 1 1 1 1 1 1 1 1 1 1 1 1 1 1 1 1 1 1 1 1 1 1 1 1 1 1 1 1 1 1 1 1 1 1 1 1 1 1 1 1 1 1 1 1 1 1 1 1 1 1 1 1 1 1 1 1 1 1 1 1 1 1 1 1 1 1 1 1 1 1 1 1 1 1 1 1 1 1 1 1 1 1 1 1 1 1 1 1 1 1 1 1 1 1 1 1 1 1 1 1 1 1 1 1 1 1 1 1 1 1 1 1 1 1 1 1 1 1 1 1 1 1 1 1 1 1 1 1 1 1 1 1 1 1 1 1 1 1 1 1 1 1 1 1 1 1 1 1 1 1 1 1 1 1 1 1 1 1 1 1 1 1 1 1 1 1 1 1 1 1 1 1 1 1 1 1 1 1 1 1 1 1 1 1 1 1 1 1 1 1 1 1 1 1 1 1 1 1 1 1 1 1 1 1 1 1 1 1 1 1 1 1 1 1 1 1 1 1 1 1 1 1 1 1 1 1 1 1 1 1 1 1 1 1 1 1 1 1 1 1 1 1 1 1 1 1 1 1 1 1 1 1 1 1 1 1 1 1 1 1 1 1 1 1 1 1 1 1 1 1 1 1 1 1 1 1 1 1 1 1 1 1 1 1 1 1 1 1 1 1 1 1 1 1 1 1 1 1 1 1 1 1 1 1 1 1 1 1 1 1 1 1 1 1 1 1 1 1 1 1 1 1 1 1 1 1 1 1 1 1 1 1 1 1 1 1 1 1 1 1 1 1 1 1 1 1 1 1 1 1 1 1 1 1 1 1 1 1 1 1 1 1 1 1 1 1 1 1 1 1 1 1 1 1 1 1 1 1 1 1 1 1 1 1 1 1 1 1 1 1 1 1 1 1 1 1 1 1 1 1 1 1 1 1 1 1 1 1 1 1 1 1 1 1 1 1 1 1 1 1 1 1 1 1 1 1 1 1 1 1 1 1 1 1 1 1 1 1 1 1 1 1 1 1 1 1 1 1 1 1 1 1 1 1 1 1 1 1 1 1 1 1 1 1 1 1 1 1 1 1 1 1 1 1 1 1 1 1 1 1 1 1 1 1 1 1 1 1 1 1 1 1 1 1 1 1 1 1 1 1 1 1 1 1 1 1 1 1 1 1 1 1 1 1 1 1 1 1 1 1 1 1 1 1 1 1 1 1 1 1 1 1 1 1 1 1 1 1 1 1 1 1 1 1 1 1 1 1 1 1 1 1 1 1 1 1 1 1 1 1 1 1 1 1 1 1 1 1 1 1 1 1 1 1 1 1 1 1 1 1 1 1 1 1 1 1 1 1 1 1 1 1 1 1 1 1 1 1 1 1 1 1 1 1 1 1 1 1 1 1 1 1 1 1 1 1 1 1 1 1 1 1 1 1 1 1 1 1 1 1 1 1 1 1 1 1 1 1 1 1 1 1 1 1 1 1 1 1 1 1 1 1 1 1 1 1 1 1 1 1 1 1 1 1 1 1 1 1 1 1 1 1 1 1 1 1 1 1 1 1 1 1 1 1 1 1 1 1 1 1 1 1 1 1 1 1 1 1 1 1 1 1 1 1 1 1 1 1 1 1 1 1 1 1 1 1 1 1 1 1 1 1 1 1 1 1 1 1 1 1 1 1 1 1 1 1 1 1 1 1 1 1 1 1 1 0.999999 0.999948 0.999872 0.999921 0.999705 0.996198 0.992939 0.999227 0.987867 0.998161 0.980355 1 0.969753 0.955588 0.999993 0.937617 0.999983 0.999969 0.691782 0.860702 0.600715 0.89007 0.574399 0.57587 0.915782 0.574353 0.574349 0.574349 0.828286 0.574349 0.574349 0.574349 0.574349 0.574349 0.574349 0.574349 0.574349 0.574349 0.574349 0.574349 0.574349 0.574349 0.574349 0.574349 0.574349 0.574349 0.574349 0.574349 0.574349 0.574349 0.574349 0.574349 0.574349 0.574349 0.574349 0.574349 0.574349 0.574349 0.574349 0.574349 0.574349 0.574349 0.574349 0.574349 0.574349 0.574347 0.574349 0.574349 0.574349 0.574349 0.574349 0.574349 0.574349 0.574349 0.574349 0.574349 0.574349 0.574349 0.574349 0.574349 0.574349 0.574349 0.574349 0.574349 0.574349 0.574349 0.574349 0.574349 0.574349 0.574349 0.574349 0.574349 0.574349 0.574349 0.574349 0.574349 0.574349 0.574349 0.574349 0.574349 0.574349 0.574349 0.574349 0.574349 0.574349 0.574349 0.574349 0.574349 0.574349 0.574349 0.574349 0.574349 0.574349 0.574349 0.574349 0.574349 0.574349 0.574349 0.574349 0.574349 0.574349 0.574349 0.574349 0.574349 0.574349 0.574349 0.574349 0.574349 0.574349 0.574349 0.574349 0.574349 0.574349 0.574349 0.574349 0.574349 0.574349 0.574349 0.574349 0.574349 0.574349 0.574349 0.574349 0.574349 0.574349 0.574349 0.574349 0.574349 0.574349 0.574349 0.574349 0.574349 0.574349 0.574349 0.574349 0.574349 0.574349 0.574349 0.574349 0.574349 0.574349 0.574349 0.574349 0.574349 0.574349 0.574349 0.574349 0.574349 0.574349 0.574349 0.574349 0.574349 0.574349 0.574349 0.574349 0.574349 0.574349 0.574349 0.574349 0.574349 0.574349 0.574349 0.574349 0.574349 0.574349 0.574349 0.574349 0.574349 0.574349 0.574349 0.574349 0.574349 0.574349 0.574349 0.574349 0.574349 0.574349 0.574349 0.574349 0.574349 0.574349 0.574349 0.574349 0.574349 0.574349 0.574349 0.574349 0.574349 0.574349 0.574349 0.574349 0.574341 0.574349 0.574349 0.57182 0.552019 0.488146 0.574293 0.574349 0.574349 0.57435 
8 0.781551 0.826773 0.866099 0.899436 0.926916 0.948846 0.965673 0.977995 0.98657 0.992277 0.995874 0.997981 0.999094 0.999604 0.999874 0.999801 0.999953 1 0.999976 0.999919 1.00001 0.999991 1 1.00001 1 1 1 1 1 1 1 1 1 1 1 1 1 1 1 1 1 1 1 1 1 1 1 1 1 1 1 1 1 1 1 1 1 1 1 1 1 1 1 1 1 1 1 1 1 1 1 1 1 1 1 1 1 1 1 1 1 1 1 1 1 1 1 1 1 1 1 1 1 1 1 1 1 1 1 1 1 1 1 1 1 1 1 1 1 1 1 1 1 1 1 1 1 1 1 1 1 1 1 1 1 1 1 1 1 1 1 1 1 1 1 1 1 1 1 1 1 1 1 1 1 1 1 1 1 1 1 1 1 1 1 1 1 1 1 1 1 1 1 1 1 1 1 1 1 1 1 1 1 1 1 1 1 1 1 1 1 1 1 1 1 1 1 1 1 1 1 1 1 1 1 1 1 1 1 1 1 1 1 1 1 1 1 1 1 1 1 1 1 1 1 1 1 1 1 1 1 1 1 1 1 1 1 1 1 1 1 1 1 1 1 1 1 1 1 1 1 1 1 1 1 1 1 1 1 1 1 1 1 1 1 1 1 1 1 1 1 1 1 1 1 1 1 1 1 1 1 1 1 1 1 1 1 1 1 1 1 1 1 1 1 1 1 1 1 1 1 1 1 1 1 1 1 1 1 1 1 1 1 1 1 1 1 1 1 1 1 1 1 1 1 1 1 1 1 1 1 1 1 1 1 1 1 1 1 1 1 1 1 1 1 1 1 1 1 1 1 1 1 1 1 1 1 1 1 1 1 1 1 1 1 1 1 1 1 1 1 1 1 1 1 1 1 1 1 1 1 1 1 1 1 1 1 1 1 1 1 1 1 1 1 1 1 1 1 1 1 1 1 1 1 1 1 1 1 1 1 1 1 1 1 1 1 1 1 1 1 1 1 1 1 1 1 1 1 1 1 1 1 1 1 1 1 1 1 1 1 1 1 1 1 1 1 1 1 1 1 1 1 1 1 1 1 1 1 1 1 1 1 1 1 1 1 1 1 1 1 1 1 1 1 1 1 1 1 1 1 1 1 1 1 1 1 1 1 1 1 1 1 1 1 1 1 1 1 1 1 1 1 1 1 1 1 1 1 1 1 1 1 1 1 1 1 1 1 1 1 1 1 1 1 1 1 1 1 1 1 1 1 1 1 1 1 1 1 1 1 1 1 1 1 1 1 1 1 1 1 1 1 1 1 1 1 1 1 1 1 1 1 1 1 1 1 1 1 1 1 1 1 1 1 1 1 1 1 1 1 1 1 1 1 1 1 1 1 1 1 1 1 1 1 1 1 1 1 1 1 1 1 1 1 1 1 1 1 1 1 1 1 1 1 1 1 1 1 1 1 1 1 1 1 1 1 1 1 1 1 1 1 1 1 1 1 1 1 1 1 1 1 1 1 1 1 1 1 1 1 1 1 1 1 1 1 1 1 1 1 1 1 1 1 1 1 1 1 1 1 1 1 1 1 1 1 1 1 1 1 1 1 1 1 1 1 1 1 1 1 1 1 1 1 1 1 1 1 1 1 1 1 1 1 1 1 1 1 1 1 1 1 1 1 1 1 1 1 1 1 1 1 1 1 1 1 1 1 1 1 1 1 1 1 1 1 1 1 1 1 1 1 1 1 1 1 1 1 1 1 1 1 1 1 1 1 1 1 1 1 1 1 1 1 1 1 1 1 1 1 1 1 1 1 1 1 1 1 1 1 1 1 1 1 1 0.999998 0.999978 0.999991 1 1 0.99996 0.999899 1 0.999174 0.998098 0.996125 0.992857 0.999663 0.987779 0.980264 0.969659 0.955492 0.937518 0.915682 0.999934 0.889968 0.691799 0.828193 0.860602 0.574413 0.57592 0.574348 0.574354 0.999841 0.574349 0.574346 0.574349 0.574349 0.574349 0.574349 0.574349 0.574349 0.574349 0.574349 0.574349 0.574349 0.574349 0.574349 0.574349 0.574349 0.574349 0.574349 0.574349 1 0.574349 0.574349 0.574349 0.574349 0.574349 0.574349 0.60081 0.574349 0.574349 0.574349 0.574349 0.574349 0.574349 0.574349 0.574349 0.574349 0.574349 0.574349 0.574349 0.574349 0.574349 0.574349 0.574349 0.574349 0.574349 0.574349 0.574349 0.574349 0.574349 0.574349 0.574349 0.574349 0.574349 0.574349 0.574349 0.574349 0.574349 0.574349 0.574349 0.574349 0.574349 0.574349 0.574349 0.574349 0.574349 0.574349 0.574349 0.574349 0.574349 0.574349 0.574349 0.574349 0.574349 0.574349 0.574349 0.574349 0.574349 0.574349 0.574349 0.574349 0.574349 0.574349 0.574349 0.574349 0.574349 0.574349 0.574349 0.574349 0.574349 0.574349 0.574349 0.574349 0.574349 0.574349 0.574349 0.574349 0.574349 0.574349 0.574349 0.574349 0.574349 0.574349 0.574349 0.574349 0.574349 0.574349 0.574349 0.574349 0.574349 0.574349 0.574349 0.574349 0.574349 0.574349 0.574349 0.574349 0.574349 0.574349 0.574349 0.574349 0.574349 0.574349 0.574349 0.574349 0.574349 0.574349 0.574349 0.574349 0.574349 0.574349 0.574349 0.574349 0.574349 0.574349 0.574349 0.574349 0.574349 0.574349 0.574349 0.574349 0.574349 0.574349 0.574349 0.574349 0.574349 0.574349 0.574349 0.574349 0.574349 0.574349 0.574349 0.574349 0.574349 0.574349 0.574349 0.574349 0.574349 0.574349 0.574349 0.574349 0.574349 0.574349 0.574349 0.574349 0.574349 0.574349 0.574349 0.574349 0.574349 0.574349 0.574349 0.574349 0.574349 0.574349 0.574349 0.574349 0.574349 0.574349 0.574349 0.574349 0.574349 0.574349 0.574349 0.57435 0.574349 0.574351 0.574339 0.571783 0.574349 0.488085 0.574349 0.551976 0.574277 0.574349 0.574349 
9 0.781312 0.826557 0.865906 0.899263 0.926757 0.948696 0.965528 0.977854 0.986435 0.992151 0.995761 0.997884 0.999015 0.999543 0.999755 0.999843 0.999999 1 0.999899 1.00001 0.999989 0.999941 0.99997 1 1 1 1.00001 1 1.00001 1 1 1 1 1 1 1 1 1 1 1 1 1 1 1 1 1 1 1 1 1 1 1 1 1 1 1 1 1 1 1 1 1 1 1 1 1 1 1 1 1 1 1 1 1 1 1 1 1 1 1 1 1 1 1 1 1 1 1 1 1 1 1 1 1 1 1 1 1 1 1 1 1 1 1 1 1 1 1 1 1 1 1 1 1 1 1 1 1 1 1 1 1 1 1 1 1 1 1 1 1 1 1 1 1 1 1 1 1 1 1 1 1 1 1 1 1 1 1 1 1 1 1 1 1 1 1 1 1 1 1 1 1 1 1 1 1 1 1 1 1 1 1 1 1 1 1 1 1 1 1 1 1 1 1 1 1 1 1 1 1 1 1 1 1 1 1 1 1 1 1 1 1 1 1 1 1 1 1 1 1 1 1 1 1 1 1 1 1 1 1 1 1 1 1 1 1 1 1 1 1 1 1 1 1 1 1 1 1 1 1 1 1 1 1 1 1 1 1 1 1 1 1 1 1 1 1 1 1 1 1 1 1 1 1 1 1 1 1 1 1 1 1 1 1 1 1 1 1 1 1 1 1 1 1 1 1 1 1 1 1 1 1 1 1 1 1 1 1 1 1 1 1 1 1 1 1 1 1 1 1 1 1 1 1 1 1 1 1 1 1 1 1 1 1 1 1 1 1 1 1 1 1 1 1 1 1 1 1 1 1 1 1 1 1 1 1 1 1 1 1 1 1 1 1 1 1 1 1 1 1 1 1 1 1 1 1 1 1 1 1 1 1 1 1 1 1 1 1 1 1 1 1 1 1 1 1 1 1 1 1 1 1 1 1 1 1 1 1 1 1 1 1 1 1 1 1 1 1 1 1 1 1 1 1 1 1 1 1 1 1 1 1 1 1 1 1 1 1 1 1 1 1 1 1 1 1 1 1 1 1 1 1 1 1 1 1 1 1 1 1 1 1 1 1 1 1 1 1 1 1 1 1 1 1 1 1 1 1 1 1 1 1 1 1 1 1 1 1 1 1 1 1 1 1 1 1 1 1 1 1 1 1 1 1 1 1 1 1 1 1 1 1 1 1 1 1 1 1 1 1 1 1 1 1 1 1 1 1 1 1 1 1 1 1 1 1 1 1 1 1 1 1 1 1 1 1 1 1 1 1 1 1 1 1 1 1 1 1 1 1 1 1 1 1 1 1 1 1 1 1 1 1 1 1 1 1 1 1 1 1 1 1 1 1 1 1 1 1 1 1 1 1 1 1 1 1 1 1 1 1 1 1 1 1 1 1 1 1 1 1 1 1 1 1 1 1 1 1 1 1 1 1 1 1 1 1 1 1 1 1 1 1 1 1 1 1 1 1 1 1 1 1 1 1 1 1 1 1 1 1 1 1 1 1 1 1 1 1 1 1 1 1 1 1 1 1 1 1 1 1 1 1 1 1 1 1 1 1 1 1 1 1 1 1 1 1 1 1 1 1 1 1 1 1 1 1 1 1 1 1 1 1 1 1 1 1 1 1 1 1 1 1 1 1 1 1 1 1 1 1 1 1 1 1 1 1 1 1 1 1 1 1 1 1 1 1 1 1 1 1 1 1 1 1 1 1 1 1 1 1 1 1 1 1 1 1 1 1 1 1 1 1 1 1 1 1 1 1 1 1 1 1 1 1 1 1 1 1 1 1 1 1 1 1 1 1.00001 0.999973 1 0.999998 0.999989 0.99995 0.999917 1 0.999874 0.999805 0.996042 1.00001 0.999114 1 0.998026 0.992765 0.987681 0.980161 0.937408 0.969554 0.915569 0.955384 0.860489 0.889853 0.828089 0.999616 0.691818 0.575976 0.574348 0.574349 0.574349 0.574349 0.574349 0.574349 0.574349 0.574349 0.574349 0.574349 0.574349 0.574349 0.600917 0.574349 0.574349 0.574349 0.574355 0.574429 0.574349 0.574349 0.574349 0.574345 0.574349 0.574349 0.574349 0.574349 0.574349 0.574349 0.574349 0.574349 0.574349 0.574349 0.574349 0.574349 0.574349 0.574349 0.574349 0.574349 0.574349 0.574349 0.574349 0.574349 0.574349 0.574349 0.574349 0.574349 0.574349 0.574349 0.574349 0.574349 0.574349 0.574349 0.574349 0.574349 0.574349 0.574349 0.574349 0.574349 0.574349 0.574349 0.574349 0.574349 0.574349 0.574349 0.574349 0.574349 0.574349 0.574349 0.574349 0.574349 0.574349 0.574349 0.574349 0.574349 0.574349 0.574349 0.574349 0.574349 0.574349 0.574349 0.574349 0.574349 0.574349 0.574349 0.574349 0.574349 0.574349 0.574349 0.574349 0.574349 0.574349 0.574349 0.574349 0.574349 0.574349 0.574349 0.574349 0.574349 0.574349 0.574349 0.574349 0.574349 0.574349 0.574349 0.574349 0.574349 0.574349 0.574349 0.574349 0.574349 0.574349 0.574349 0.574349 0.574349 0.574349 0.574349 0.574349 0.574349 0.574349 0.574349 0.574349 0.574349 0.574349 0.574349 0.574349 0.574349 0.574349 0.574349 0.574349 0.574349 0.574349 0.574349 0.574349 0.574349 0.574349 0.574349 0.574349 0.574349 0.574349 0.574349 0.574349 0.574349 0.574349 0.574349 0.574349 0.574349 0.574349 0.574349 0.574349 0.574349 0.574349 0.574349 0.574349 0.574349 0.574349 0.574349 0.574349 0.574349 0.574349 0.574349 0.574349 0.574349 0.574349 0.574349 0.574349 0.574349 0.574349 0.574349 0.574349 0.574349 0.574349 0.574349 0.574349 0.574349 0.574349 0.574349 0.574349 0.574349 0.574349 0.574349 0.574349 0.574349 0.574349 0.574349 0.574349 0.574349 0.574349 0.574349 0.574336 0.571742 0.574259 0.488017 0.574349 0.57435 0.574349 0.574351 0.551927 
10 0.781047 0.826318 0.865693 0.899071 0.92658 0.948529 0.965367 0.977697 0.986285 0.992011 0.995636 0.997777 0.998927 0.999474 0.999705 0.999928 0.999808 0.999877 0.999999 0.999986 0.999963 1.00001 1.00001 1.00001 1 1.00001 1.00001 1 1 1 1 1 1 1 1 1 1 1 1 1 1 1 1 1 1 1 1 1 1 1 1 1 1 1 1 1 1 1 1 1 1 1 1 1 1 1 1 1 1 1 1 1 1 1 1 1 1 1 1 1 1 1 1 1 1 1 1 1 1 1 1 1 1 1 1 1 1 1 1 1 1 1 1 1 1 1 1 1 1 1 1 1 1 1 1 1 1 1 1 1 1 1 1 1 1 1 1 1 1 1 1 1 1 1 1 1 1 1 1 1 1 1 1 1 1 1 1 1 1 1 1 1 1 1 1 1 1 1 1 1 1 1 1 1 1 1 1 1 1 1 1 1 1 1 1 1 1 1 1 1 1 1 1 1 1 1 1 1 1 1 1 1 1 1 1 1 1 1 1 1 1 1 1 1 1 1 1 1 1 1 1 1 1 1 1 1 1 1 1 1 1 1 1 1 1 1 1 1 1 1 1 1 1 1 1 1 1 1 1 1 1 1 1 1 1 1 1 1 1 1 1 1 1 1 1 1 1 1 1 1 1 1 1 1 1 1 1 1 1 1 1 1 1 1 1 1 1 1 1 1 1 1 1 1 1 1 1 1 1 1 1 1 1 1 1 1 1 1 1 1 1 1 1 1 1 1 1 1 1 1 1 1 1 1 1 1 1 1 1 1 1 1 1 1 1 1 1 1 1 1 1 1 1 1 1 1 1 1 1 1 1 1 1 1 1 1 1 1 1 1 1 1 1 1 1 1 1 1 1 1 1 1 1 1 1 1 1 1 1 1 1 1 1 1 1 1 1 1 1 1 1 1 1 1 1 1 1 1 1 1 1 1 1 1 1 1 1 1 1 1 1 1 1 1 1 1 1 1 1 1 1 1 1 1 1 1 1 1 1 1 1 1 1 1 1 1 1 1 1 1 1 1 1 1 1 1 1 1 1 1 1 1 1 1 1 1 1 1 1 1 1 1 1 1 1 1 1 1 1 1 1 1 1 1 1 1 1 1 1 1 1 1 1 1 1 1 1 1 1 1 1 1 1 1 1 1 1 1 1 1 1 1 1 1 1 1 1 1 1 1 1 1 1 1 1 1 1 1 1 1 1 1 1 1 1 1 1 1 1 1 1 1 1 1 1 1 1 1 1 1 1 1 1 1 1 1 1 1 1 1 1 1 1 1 1 1 1 1 1 1 1 1 1 1 1 1 1 1 1 1 1 1 1 1 1 1 1 1 1 1 1 1 1 1 1 1 1 1 1 1 1 1 1 1 1 1 1 1 1 1 1 1 1 1 1 1 1 1 1 1 1 1 1 1 1 1 1 1 1 1 1 1 1 1 1 1 1 1 1 1 1 1 1 1 1 1 1 1 1 1 1 1 1 1 1 1 1 1 1 1 1 1 1 1 1 1 1 1 1 1 1 1 1 1 1 1 1 1 1 1 1 1 1 1 1 1 1 1 1 1 1 1 1 1 1 1 1 1 1 1 1 1 1 1 1 1 1 1 1 1 1 1 1 1 1 1 1 1 1 1 1 1 1 1 1 1 1 1 1 1 1 1 1 1 1 1 1 1 1 1 1 1 1 1 1 1 1 1 1 1 1 1 1 1 1 1 1 1 1 1 1 1 1 1 1 1 1 1 1 1 1 1 1 1 1 1 1 1 1 1 1 1 1 1 1 1 1 1 1 1 1 1 1 1 1.00001 1 1.00001 1.00001 0.999998 0.999939 0.999967 0.999899 0.999766 0.999048 0.999846 0.997946 0.992663 0.99595 0.987572 0.969437 0.980047 0.955264 0.999563 0.937285 0.915443 1 0.860363 0.889725 0.999986 0.576039 0.69184 1 0.574356 0.827973 0.574344 0.574349 0.574348 0.574349 0.601035 0.574349 0.574349 0.574349 0.574349 0.574349 0.574349 0.574349 0.574349 0.574349 0.574349 0.574349 0.574446 0.574349 0.574349 0.574349 0.574349 0.574349 0.574349 0.574349 0.574349 0.574349 0.574349 0.574349 0.574349 0.574349 0.574349 0.574349 0.574349 0.574349 0.574349 0.574349 0.574349 0.574349 0.574349 0.574349 0.574349 0.574349 0.574349 0.574349 0.574349 0.574349 0.574349 0.574349 0.574349 0.574349 0.574349 0.574349 0.574349 0.574349 0.574349 0.574349 0.574349 0.574349 0.574349 0.574349 0.574349 0.574349 0.574349 0.574349 0.574349 0.574349 0.574349 0.574349 0.574349 0.574349 0.574349 0.574349 0.574349 0.574349 0.574349 0.574349 0.574349 0.574349 0.574349 0.574349 0.574349 0.574349 0.574349 0.574349 0.574349 0.574349 0.574349 0.574349 0.574349 0.574349 0.574349 0.574349 0.574349 0.574349 0.574349 0.574349 0.574349 0.574349 0.574349 0.574349 0.574349 0.574349 0.574349 0.574349 0.574349 0.574349 0.574349 0.574349 0.574349 0.574349 0.574349 0.574349 0.574349 0.574349 0.574349 0.574349 0.574349 0.574349 0.574349 0.574349 0.574349 0.574349 0.574349 0.574349 0.574349 0.574349 0.574349 0.574349 0.574349 0.574349 0.574349 0.574349 0.574349 0.574349 0.574349 0.574349 0.574349 0.574349 0.574349 0.574349 0.574349 0.574349 0.574349 0.574349 0.574349 0.574349 0.574349 0.574349 0.574349 0.574349 0.574349 0.574349 0.574349 0.574349 0.574349 0.574349 0.574349 0.574349 0.574349 0.574349 0.574349 0.574349 0.574349 0.574349 0.574349 0.574349 0.574349 0.574349 0.574349 0.574349 0.574349 0.574349 0.574349 0.574349 0.574349 0.574349 0.574349 0.574349 0.574349 0.574349 0.574349 0.574349 0.574349 0.574349 0.574349 0.574349 0.574352 0.574239 0.574334 0.551872 0.574349 0.571697 0.57435 0.487942 0.574349 0.574349 
11 0.780755 0.826055 0.865458 0.898859 0.926386 0.948345 0.96519 0.977525 0.98612 0.991857 0.995499 0.997659 0.99883 0.999398 0.999649 0.999914 0.999853 0.999956 1.00001 0.999999 0.999983 1.00001 1.00001 1 1.00001 0.99977 1 1 1 1 1 1 1.00001 1 1 1 1 1 1 1 1 1 1 1 1 1 1 1 1 1 1 1 1 1 1 1 1 1 1 1 1 1 1 1 1 1 1 1 1 1 1 1 1 1 1 1 1 1 1 1 1 1 1 1 1 1 1 1 1 1 1 1 1 1 1 1 1 1 1 1 1 1 1 1 1 1 1 1 1 1 1 1 1 1 1 1 1 1 1 1 1 1 1 1 1 1 1 1 1 1 1 1 1 1 1 1 1 1 1 1 1 1 1 1 1 1 1 1 1 1 1 1 1 1 1 1 1 1 1 1 1 1 1 1 1 1 1 1 1 1 1 1 1 1 1 1 1 1 1 1 1 1 1 1 1 1 1 1 1 1 1 1 1 1 1 1 1 1 1 1 1 1 1 1 1 1 1 1 1 1 1 1 1 1 1 1 1 1 1 1 1 1 1 1 1 1 1 1 1 1 1 1 1 1 1 1 1 1 1 1 1 1 1 1 1 1 1 1 1 1 1 1 1 1 1 1 1 1 1 1 1 1 1 1 1 1 1 1 1 1 1 1 1 1 1 1 1 1 1 1 1 1 1 1 1 1 1 1 1 1 1 1 1 1 1 1 1 1 1 1 1 1 1 1 1 1 1 1 1 1 1 1 1 1 1 1 1 1 1 1 1 1 1 1 1 1 1 1 1 1 1 1 1 1 1 1 1 1 1 1 1 1 1 1 1 1 1 1 1 1 1 1 1 1 1 1 1 1 1 1 1 1 1 1 1 1 1 1 1 1 1 1 1 1 1 1 1 1 1 1 1 1 1 1 1 1 1 1 1 1 1 1 1 1 1 1 1 1 1 1 1 1 1 1 1 1 1 1 1 1 1 1 1 1 1 1 1 1 1 1 1 1 1 1 1 1 1 1 1 1 1 1 1 1 1 1 1 1 1 1 1 1 1 1 1 1 1 1 1 1 1 1 1 1 1 1 1 1 1 1 1 1 1 1 1 1 1 1 1 1 1 1 1 1 1 1 1 1 1 1 1 1 1 1 1 1 1 1 1 1 1 1 1 1 1 1 1 1 1 1 1 1 1 1 1 1 1 1 1 1 1 1 1 1 1 1 1 1 1 1 1 1 1 1 1 1 1 1 1 1 1 1 1 1 1 1 1 1 1 1 1 1 1 1 1 1 1 1 1 1 1 1 1 1 1 1 1 1 1 1 1 1 1 1 1 1 1 1 1 1 1 1 1 1 1 1 1 1 1 1 1 1 1 1 1 1 1 1 1 1 1 1 1 1 1 1 1 1 1 1 1 1 1 1 1 1 1 1 1 1 1 1 1 1 1 1 1 1 1 1 1 1 1 1 1 1 1 1 1 1 1 1 1 1 1 1 1 1 1 1 1 1 1 1 1 1 1 1 1 1 1 1 1 1 1 1 1 1 1 1 1 1 1 1 1 1 1 1 1 1 1 1 1 1 1 1 1 1 1 1 1 1 1 1 1 1 1 1 1 1 1 1 1 1 1 1 1 1 1 1 1 1 1 1 1 1 1 1 1 1 1 1 1 1 1 1 1 1 1 1 1 1 1 1 1 1 1 1 1 1 1 1 1 1 1 1 1 1 1 1 1 1 1 1 1 1 1 1 1 1 1 1 1 1 1 1 1 1 1 1 1 1 1 1 1 1 1 1 1 1 1 1 1.00001 1.00001 1.00001 1 0.999997 0.999983 1 0.99996 1 0.999879 1 1.00001 0.999816 0.999722 0.998975 0.995849 0.987451 0.999926 0.999505 0.997859 0.969308 0.955132 0.93715 0.992551 0.915305 0.979922 0.827846 0.691864 0.601165 0.576108 0.889585 0.574357 0.574343 0.860225 0.574347 0.574466 0.574349 0.574349 0.574349 0.574349 0.574349 0.574349 0.574349 0.574349 0.574349 0.574349 0.574349 0.574349 0.574349 0.574349 0.574349 0.574349 0.574349 0.574349 0.574349 0.574349 0.574349 0.574349 0.574349 0.574349 0.574349 0.574349 0.574349 0.574349 0.574349 0.574349 0.574349 0.574349 0.574349 0.574349 0.574349 0.574349 0.574349 0.574349 0.574349 0.574349 0.574349 0.574349 0.574349 0.574349 0.574349 0.574349 0.574349 0.574349 0.574349 0.574349 0.574349 0.574349 0.574349 0.574349 0.574349 0.574349 0.574349 0.574349 0.574349 0.574349 0.574349 0.574349 0.574349 0.574349 0.574349 0.574349 0.574349 0.574349 0.574349 0.574349 0.574349 0.574349 0.574349 0.574349 0.574349 0.574349 0.574349 0.574349 0.574349 0.574349 0.574349 0.574349 0.574349 0.574349 0.574349 0.574349 0.574349 0.574349 0.574349 0.574349 0.574349 0.574349 0.574349 0.574349 0.574349 0.574349 0.574349 0.574349 0.574349 0.574349 0.574349 0.574349 0.574349 0.574349 0.574349 0.574349 0.574349 0.574349 0.574349 0.574349 0.574349 0.574349 0.574349 0.574349 0.574349 0.574349 0.574349 0.574349 0.574349 0.574349 0.574349 0.574349 0.574349 0.574349 0.574349 0.574349 0.574349 0.574349 0.574349 0.574349 0.574349 0.574349 0.574349 0.574349 0.574349 0.574349 0.574349 0.574349 0.574349 0.574349 0.574349 0.574349 0.574349 0.574349 0.574349 0.574349 0.574349 0.574349 0.574349 0.574349 0.574349 0.574349 0.574349 0.574349 0.574349 0.574349 0.574349 0.574349 0.574349 0.574349 0.574349 0.574349 0.574349 0.574349 0.574349 0.574349 0.574349 0.574349 0.574349 0.574349 0.574349 0.574349 0.574349 0.574349 0.574349 0.574349 0.574349 0.574349 0.574349 0.574349 0.574349 0.574349 0.574351 0.574216 0.574353 0.574331 0.574349 0.551812 0.571647 0.574349 0.487859 0.574349 
12 0.780438 0.825768 0.865201 0.898629 0.926174 0.948145 0.964997 0.977337 0.985939 0.99169 0.995349 0.99753 0.998724 0.999316 0.999728 0.999589 0.999948 0.999999 1.00001 1.00001 1.00001 1.00001 1.00001 1 1.00001 1 1 1 0.999898 0.999826 1 1 0.99998 1 1 1 1 1 1 1 1 1 1 1 1 1 1 1 1 1 1 1 1 1 1 1 1 1 1 1 1 1 1 1 1 1 1 1 1 1 1 1 1 1 1 1 1 1 1 1 1 1 1 1 1 1 1 1 1 1 1 1 1 1 1 1 1 1 1 1 1 1 1 1 1 1 1 1 1 1 1 1 1 1 1 1 1 1 1 1 1 1 1 1 1 1 1 1 1 1 1 1 1 1 1 1 1 1 1 1 1 1 1 1 1 1 1 1 1 1 1 1 1 1 1 1 1 1 1 1 1 1 1 1 1 1 1 1 1 1 1 1 1 1 1 1 1 1 1 1 1 1 1 1 1 1 1 1 1 1 1 1 1 1 1 1 1 1 1 1 1 1 1 1 1 1 1 1 1 1 1 1 1 1 1 1 1 1 1 1 1 1 1 1 1 1 1 1 1 1 1 1 1 1 1 1 1 1 1 1 1 1 1 1 1 1 1 1 1 1 1 1 1 1 1 1 1 1 1 1 1 1 1 1 1 1 1 1 1 1 1 1 1 1 1 1 1 1 1 1 1 1 1 1 1 1 1 1 1 1 1 1 1 1 1 1 1 1 1 1 1 1 1 1 1 1 1 1 1 1 1 1 1 1 1 1 1 1 1 1 1 1 1 1 1 1 1 1 1 1 1 1 1 1 1 1 1 1 1 1 1 1 1 1 1 1 1 1 1 1 1 1 1 1 1 1 1 1 1 1 1 1 1 1 1 1 1 1 1 1 1 1 1 1 1 1 1 1 1 1 1 1 1 1 1 1 1 1 1 1 1 1 1 1 1 1 1 1 1 1 1 1 1 1 1 1 1 1 1 1 1 1 1 1 1 1 1 1 1 1 1 1 1 1 1 1 1 1 1 1 1 1 1 1 1 1 1 1 1 1 1 1 1 1 1 1 1 1 1 1 1 1 1 1 1 1 1 1 1 1 1 1 1 1 1 1 1 1 1 1 1 1 1 1 1 1 1 1 1 1 1 1 1 1 1 1 1 1 1 1 1 1 1 1 1 1 1 1 1 1 1 1 1 1 1 1 1 1 1 1 1 1 1 1 1 1 1 1 1 1 1 1 1 1 1 1 1 1 1 1 1 1 1 1 1 1 1 1 1 1 1 1 1 1 1 1 1 1 1 1 1 1 1 1 1 1 1 1 1 1 1 1 1 1 1 1 1 1 1 1 1 1 1 1 1 1 1 1 1 1 1 1 1 1 1 1 1 1 1 1 1 1 1 1 1 1 1 1 1 1 1 1 1 1 1 1 1 1 1 1 1 1 1 1 1 1 1 1 1 1 1 1 1 1 1 1 1 1 1 1 1 1 1 1 1 1 1 1 1 1 1 1 1 1 1 1 1 1 1 1 1 1 1 1 1 1 1 1 1 1 1 1 1 1 1 1 1 1 1 1 1 1 1 1 1 1 1 1 1 1 1 1 1 1 1 1 1 1 1 1 1 1 1 1 1 1 1 1 1 1 1 1 1 1 1 1 1 1 1 1 1 1 1 1 1 1 1 1 1 1 1 1 1 1 1 1 1 1 1 1 1 1 1 1 1 1 1 1 1 1 1 1 1 1 1 1 1 1 1 1 1 1 1 1 1 1 1 1 1 1 1 1 1 1 1 1 1 1 1 1 1 1 1.00001 1 1.00001 1.00001 1.00001 1.00001 1.00001 0.99998 0.999913 0.999996 0.999953 1 0.999857 0.999442 0.997763 0.995739 0.999782 0.999675 0.998896 0.979785 0.98732 0.860075 0.992428 0.827707 0.691889 0.601308 0.969167 0.954988 0.574359 0.574487 0.937002 0.574342 0.576183 0.915154 0.574349 0.574349 0.574349 0.574347 0.574349 0.574349 0.574349 0.574349 0.574349 0.574349 0.574349 0.574349 0.574349 0.574349 0.574349 0.574349 0.574349 0.889432 0.574349 0.574349 0.574349 0.574349 0.574349 0.574349 0.574349 0.574349 0.574349 0.574349 0.574349 0.574349 0.574349 0.574349 0.574349 0.574349 0.574349 0.574349 0.574349 0.574349 0.574349 0.574349 0.574349 0.574349 0.574349 0.574349 0.574349 0.574349 0.574349 0.574349 0.574349 0.574349 0.574349 0.574349 0.574349 0.574349 0.574349 0.574349 0.574349 0.574349 0.574349 0.574349 0.574349 0.574349 0.574349 0.574349 0.574349 0.574349 0.574349 0.574349 0.574349 0.574349 0.574349 0.574349 0.574349 0.574349 0.574349 0.574349 0.574349 0.574349 0.574349 0.574349 0.574349 0.574349 0.574349 0.574349 0.574349 0.574349 0.574349 0.574349 0.574349 0.574349 0.574349 0.574349 0.574349 0.574349 0.574349 0.574349 0.574349 0.574349 0.574349 0.574349 0.574349 0.574349 0.574349 0.574349 0.574349 0.574349 0.574349 0.574349 0.574349 0.574349 0.574349 0.574349 0.574349 0.574349 0.574349 0.574349 0.574349 0.574349 0.574349 0.574349 0.574349 0.574349 0.574349 0.574349 0.574349 0.574349 0.574349 0.574349 0.574349 0.574349 0.574349 0.574349 0.574349 0.574349 0.574349 0.574349 0.574349 0.574349 0.574349 0.574349 0.574349 0.574349 0.574349 0.574349 0.574349 0.574349 0.574349 0.574349 0.574349 0.574349 0.574349 0.574349 0.574349 0.574349 0.574349 0.574349 0.574349 0.574349 0.574349 0.574349 0.574349 0.574349 0.574349 0.574349 0.574349 0.574349 0.574349 0.574349 0.574349 0.574349 0.574349 0.574349 0.574349 0.574349 0.574349 0.574349 0.574349 0.574349 0.574349 0.574349 0.574349 0.574349 0.574349 0.574349 0.574349 0.574351 0.574354 0.574327 0.574192 0.571592 0.551747 0.574349 0.574349 0.487768 
13 0.780093 0.825457 0.864924 0.898379 0.925945 0.947928 0.964787 0.977134 0.985744 0.991509 0.995187 0.997391 0.99861 0.999227 0.999977 0.999999 1.00001 1.00001 1.00001 1.00001 1.00001 0.999523 1.00001 0.999939 0.999797 1 0.999683 1 1 1 1 1 0.999881 1 1 1 1 1 1 1 1 1 1 1 1 1 1 1 1 1 1 1 1 1 1 1 1 1 1 1 1 1 1 1 1 1 1 1 1 1 1 1 1 1 1 1 1 1 1 1 1 1 1 1 1 1 1 1 1 1 1 1 1 1 1 1 1 1 1 1 1 1 1 1 1 1 1 1 1 1 1 1 1 1 1 1 1 1 1 1 1 1 1 1 1 1 1 1 1 1 1 1 1 1 1 1 1 1 1 1 1 1 1 1 1 1 1 1 1 1 1 1 1 1 1 1 1 1 1 1 1 1 1 1 1 1 1 1 1 1 1 1 1 1 1 1 1 1 1 1 1 1 1 1 1 1 1 1 1 1 1 1 1 1 1 1 1 1 1 1 1 1 1 1 1 1 1 1 1 1 1 1 1 1 1 1 1 1 1 1 1 1 1 1 1 1 1 1 1 1 1 1 1 1 1 1 1 1 1 1 1 1 1 1 1 1 1 1 1 1 1 1 1 1 1 1 1 1 1 1 1 1 1 1 1 1 1 1 1 1 1 1 1 1 1 1 1 1 1 1 1 1 1 1 1 1 1 1 1 1 1 1 1 1 1 1 1 1 1 1 1 1 1 1 1 1 1 1 1 1 1 1 1 1 1 1 1 1 1 1 1 1 1 1 1 1 1 1 1 1 1 1 1 1 1 1 1 1 1 1 1 1 1 1 1 1 1 1 1 1 1 1 1 1 1 1 1 1 1 1 1 1 1 1 1 1 1 1 1 1 1 1 1 1 1 1 1 1 1 1 1 1 1 1 1 1 1 1 1 1 1 1 1 1 1 1 1 1 1 1 1 1 1 1 1 1 1 1 1 1 1 1 1 1 1 1 1 1 1 1 1 1 1 1 1 1 1 1 1 1 1 1 1 1 1 1 1 1 1 1 1 1 1 1 1 1 1 1 1 1 1 1 1 1 1 1 1 1 1 1 1 1 1 1 1 1 1 1 1 1 1 1 1 1 1 1 1 1 1 1 1 1 1 1 1 1 1 1 1 1 1 1 1 1 1 1 1 1 1 1 1 1 1 1 1 1 1 1 1 1 1 1 1 1 1 1 1 1 1 1 1 1 1 1 1 1 1 1 1 1 1 1 1 1 1 1 1 1 1 1 1 1 1 1 1 1 1 1 1 1 1 1 1 1 1 1 1 1 1 1 1 1 1 1 1 1 1 1 1 1 1 1 1 1 1 1 1 1 1 1 1 1 1 1 1 1 1 1 1 1 1 1 1 1 1 1 1 1 1 1 1 1 1 1 1 1 1 1 1 1 1 1 1 1 1 1 1 1 1 1 1 1 1 1 1 1 1 1 1 1 1 1 1 1 1 1 1 1 1 1 1 1 1 1 1 1 1 1 1 1 1 1 1 1 1 1 1 1 1 1 1 1 1 1 1 1 1 1 1 1 1 1 1 1 1 1 1 1 1 1 1 1 1 1 1 1 1 1 1 1 1 1 1 1 1 1 1 1 1 1 1 1 1 1 1 1 1 1 1 1 1 1 1 1 1 1 1 1 1 1 1 1 1 1 1 1 1 1 1 1 1 1 1 1 1 1 1 1 1 1 1 1 1 1 1 1 1 1 1 1 1 1 1 1 1 1 1 1 1 1 1 1 1 1 1 1 1 1 1 1 1.00001 1 1 1.00001 1.00001 1.00001 1.00001 0.999996 0.999945 1.00001 0.999977 0.999899 0.999624 0.999374 1 0.99881 0.99766 0.99562 0.999833 0.992296 0.987178 0.999746 0.979637 0.889267 0.936843 0.954833 0.827557 0.914991 0.691918 0.859912 0.576265 0.57451 0.574347 0.574341 0.57436 0.574349 0.574349 0.574349 0.969015 0.574349 0.574349 0.574349 0.574349 0.574349 0.574349 0.574349 0.574349 0.574349 0.574349 0.574349 1 0.574349 0.574349 0.574349 0.601462 0.574349 0.574349 0.574349 0.574349 0.574349 0.574349 0.574349 0.574349 0.574349 0.574349 0.574349 0.574349 0.574349 0.574349 0.574349 0.574349 0.574349 0.574349 0.574349 0.574349 0.574349 0.574349 0.574349 0.574349 0.574349 0.574349 0.574349 0.574349 0.574349 0.574349 0.574349 0.574349 0.574349 0.574349 0.574349 0.574349 0.574349 0.574349 0.574349 0.574349 0.574349 0.574349 0.574349 0.574349 0.574349 0.574349 0.574349 0.574349 0.574349 0.574349 0.574349 0.574349 0.574349 0.574349 0.574349 0.574349 0.574349 0.574349 0.574349 0.574349 0.574349 0.574349 0.574349 0.574349 0.574349 0.574349 0.574349 0.574349 0.574349 0.574349 0.574349 0.574349 0.574349 0.574349 0.574349 0.574349 0.574349 0.574349 0.574349 0.574349 0.574349 0.574349 0.574349 0.574349 0.574349 0.574349 0.574349 0.574349 0.574349 0.574349 0.574349 0.574349 0.574349 0.574349 0.574349 0.574349 0.574349 0.574349 0.574349 0.574349 0.574349 0.574349 0.574349 0.574349 0.574349 0.574349 0.574349 0.574349 0.574349 0.574349 0.574349 0.574349 0.574349 0.574349 0.574349 0.574349 0.574349 0.574349 0.574349 0.574349 0.574349 0.574349 0.574349 0.574349 0.574349 0.574349 0.574349 0.574349 0.574349 0.574349 0.574349 0.574349 0.574349 0.574349 0.574349 0.574349 0.574349 0.574349 0.574349 0.574349 0.574349 0.574349 0.574349 0.574349 0.574349 0.574349 0.574349 0.574349 0.574349 0.574349 0.574349 0.574349 0.574349 0.574349 0.574349 0.574349 0.574349 0.574349 0.574349 0.574349 0.574349 0.574349 0.574349 0.574349 0.574354 0.574349 0.574324 0.574349 0.574351 0.574166 0.571533 0.48767 0.574349 0.574349 0.551676 
14 0.779723 0.825122 0.864625 0.89811 0.925697 0.947695 0.964562 0.976915 0.985534 0.991314 0.995012 0.997241 0.998487 0.999131 0.999453 0.999634 0.999766 0.999973 0.999998 1.00001 1.00002 1 1 1 0.999863 0.99993 1 1 1 1.00002 1 1 1 1 1 1.00001 1 1 1 1 1 1 1 1 1 1 1 1 1 1 1.00001 1 1 1 1 1.00001 1 1 1 1 1 1 1 1 1 1 1 1 1 1 1 1 1 1 1 1 1 1 1 1 1 1 1 1 1 1 1 1 1 1 1 1 1 1 1 1 1 1 1 1 1 1 1 1 1 1 1 1 1 1 1 1 1 1 1 1 1 1 1 1 1 1 1 1 1 1 1 1 1 1 1 1 1 1 1 1 1 1 1 1 1 1 1 1 1 1 1 1 1 1 1 1 1 1 1 1 1 1 1 1 1 1 1 1 1 1 1 1 1 1 1 1 1 1 1 1 1 1 1 1 1 1 1 1 1 1 1 1 1 1 1 1 1 1 1 1 1 1 1 1 1 1 1 1 1 1 1 1 1 1 1 1 1 1 1 1 1 1 1 1 1 1 1 1 1 1 1 1 1 1 1 1 1 1 1 1 1 1 1 1 1 1 1 1 1 1 1 1 1 1 1 1 1 1 1 1 1 1 1 1 1 1 1 1 1 1 1 1 1 1 1 1 1 1 1 1 1 1 1 1 1 1 1 1 1 1 1 1 1 1 1 1 1 1 1 1 1 1 1 1 1 1 1 1 1 1 1 1 1 1 1 1 1 1 1 1 1 1 1 1 1 1 1 1 1 1 1 1 1 1 1 1 1 1 1 1 1 1 1 1 1 1 1 1 1 1 1 1 1 1 1 1 1 1 1 1 1 1 1 1 1 1 1 1 1 1 1 1 1 1 1 1 1 1 1 1 1 1 1 1 1 1 1 1 1 1 1 1 1 1 1 1 1 1 1 1 1 1 1 1 1 1 1 1 1 1 1 1 1 1 1 1 1 1 1 1 1 1 1 1 1 1 1 1 1 1 1 1 1 1 1 1 1 1 1 1 1 1 1 1 1 1 1 1 1 1 1 1 1 1 1 1 1 1 1 1 1 1 1 1 1 1 1 1 1 1 1 1 1 1 1 1 1 1 1 1 1 1 1 1 1 1 1 1 1 1 1 1 1 1 1 1 1 1 1 1 1 1 1 1 1 1 1 1 1 1 1 1 1 1 1 1 1 1 1 1 1 1 1 1 1 1 1 1 1 1 1 1 1 1 1 1 1 1 1 1 1 1 1 1 1 1 1 1 1 1 1 1 1 1 1 1 1 1 1 1 1 1 1 1 1 1 1 1 1 1 1 1 1 1 1 1 1 1 1 1 1 1 1 1 1 1 1 1 1 1 1 1 1 1 1 1 1 1 1 1 1 1 1 1 1 1 1 1 1 1 1 1 1 1 1 1 1 1 1 1 1 1 1 1 1 1 1 1 1 1 1 1 1 1 1 1 1 1 1 1 1 1 1 1 1 1 1 1 1 1 1 1 1 1 1 1 1 1 1 1 1 1 1 1 1 1 1 1 1 1 1 1 1 1 1 1 1 1 1 1 1 1 1 1 1 1 1 1 1 1 1 1 1 1 1 1 1 1 1 1 1 1 1 1 1 1 1 1 1 1 1 1 1 1 1 1 1 1 1 1 1 1 1 1 1 1 1 1 1 1 1 1 1 1 1 1 1 1 1 1 1 1 1 1 1 1 1 1 1 1 1 1 1 1 1 1 1 1 1 1 1 1 1 1 1 1 1 1 1 1 1 1 1 1 1 1.00001 1.00001 1 1.00001 1 1 1.00001 0.999807 0.999708 0.999569 0.999301 1.00001 1.00001 0.998717 0.999973 0.992153 0.999995 0.987025 0.999937 0.968852 0.999883 0.936671 0.995491 0.914815 0.859736 0.827396 0.979477 0.954665 0.576352 0.574535 0.997549 0.574362 0.57434 0.889089 0.574349 0.574349 0.691948 0.601628 0.574349 0.574349 0.574346 0.574349 0.574349 0.574349 0.574349 0.574349 0.574349 0.574349 0.574349 0.574349 0.574349 0.574349 0.574349 0.574349 0.574349 0.574349 0.574349 0.574349 0.574349 0.574349 0.574349 0.574349 0.574349 0.574349 0.574349 0.574349 0.574349 0.574349 0.574349 0.574349 0.574349 0.574349 0.574349 0.574349 0.574349 0.574349 0.574349 0.574349 0.574349 0.574349 0.574349 0.574349 0.574349 0.574349 0.574349 0.574349 0.574349 0.574349 0.574349 0.574349 0.574349 0.574349 0.574349 0.574349 0.574349 0.574349 0.574349 0.574349 0.574349 0.574349 0.574349 0.574349 0.574349 0.574349 0.574349 0.574349 0.574349 0.574349 0.574349 0.574349 0.574349 0.574349 0.574349 0.574349 0.574349 0.574349 0.574349 0.574349 0.574349 0.574349 0.574349 0.574349 0.574349 0.574349 0.574349 0.574349 0.574349 0.574349 0.574349 0.574349 0.574349 0.574349 0.574349 0.574349 0.574349 0.574349 0.574349 0.574349 0.574349 0.574349 0.574349 0.574349 0.574349 0.574349 0.574349 0.574349 0.574349 0.574349 0.574349 0.574349 0.574349 0.574349 0.574349 0.574349 0.574349 0.574349 0.574349 0.574349 0.574349 0.574349 0.574349 0.574349 0.574349 0.574349 0.574349 0.574349 0.574349 0.574349 0.574349 0.574349 0.574349 0.574349 0.574349 0.574349 0.574349 0.574349 0.574349 0.574349 0.574349 0.574349 0.574349 0.574349 0.574349 0.574349 0.574349 0.574349 0.574349 0.574349 0.574349 0.574349 0.574349 0.574349 0.574349 0.574349 0.574349 0.574349 0.574349 0.574349 0.574349 0.574349 0.574349 0.574349 0.574349 0.574349 0.574349 0.574349 0.574349 0.574349 0.574349 0.574349 0.574349 0.574349 0.574349 0.574349 0.574349 0.574349 0.574349 0.574352 0.574349 0.574349 0.574349 0.5516 0.57432 0.487564 0.574349 0.574138 0.574355 0.571469 0.574349 
15 0.779327 0.824765 0.864306 0.897822 0.925433 0.947445 0.964321 0.97668 0.985309 0.991105 0.994825 0.99708 0.998356 0.999029 0.999377 0.999582 0.999969 0.999843 0.999998 1.00001 0.99992 1.00002 1.00001 0.999733 1 1.00002 1.00001 1.00002 1 1 1 1.00001 1 1 1 1 1 1 1 1 1 1 1 1 1 1 1 1 1 1 1 1 1 1 1 1 1 1 1 1 1 1 1 1 1 1 1 1 1 1 1 1 1 1 1 1 1 1 1 1 1 1 1 1 1 1 1 1 1 1 1 1 1 1 1 1 1 1 1 1 1 1 1 1 1 1 1 1 1 1 1 1 1 1 1 1 1 1 1 1 1 1 1 1 1 1 1 1 1 1 1 1 1 1 1 1 1 1 1 1 1 1 1 1 1 1 1 1 1 1 1 1 1 1 1 1 1 1 1 1 1 1 1 1 1 1 1 1 1 1 1 1 1 1 1 1 1 1 1 1 1 1 1 1 1 1 1 1 1 1 1 1 1 1 1 1 1 1 1 1 1 1 1 1 1 1 1 1 1 1 1 1 1 1 1 1 1 1 1 1 1 1 1 1 1 1 1 1 1 1 1 1 1 1 1 1 1 1 1 1 1 1 1 1 1 1 1 1 1 1 1 1 1 1 1 1 1 1 1 1 1 1 1 1 1 1 1 1 1 1 1 1 1 1 1 1 1 1 1 1 1 1 1 1 1 1 1 1 1 1 1 1 1 1 1 1 1 1 1 1 1 1 1 1 1 1 1 1 1 1 1 1 1 1 1 1 1 1 1 1 1 1 1 1 1 1 1 1 1 1 1 1 1 1 1 1 1 1 1 1 1 1 1 1 1 1 1 1 1 1 1 1 1 1 1 1 1 1 1 1 1 1 1 1 1 1 1 1 1 1 1 1 1 1 1 1 1 1 1 1 1 1 1 1 1 1 1 1 1 1 1 1 1 1 1 1 1 1 1 1 1 1 1 1 1 1 1 1 1 1 1 1 1 1 1 1 1 1 1 1 1 1 1 1 1 1 1 1 1 1 1 1 1 1 1 1 1 1 1 1 1 1 1 1 1 1 1 1 1 1 1 1 1 1 1 1 1 1 1 1 1 1 1 1 1 1 1 1 1 1 1 1 1 1 1 1 1 1 1 1 1 1 1 1 1 1 1 1 1 1 1 1 1 1 1 1 1 1 1 1 1 1 1 1 1 1 1 1 1 1 1 1 1 1 1 1 1 1 1 1 1 1 1 1 1 1 1 1 1 1 1 1 1 1 1 1 1 1 1 1 1 1 1 1 1 1 1 1 1 1 1 1 1 1 1 1 1 1 1 1 1 1 1 1 1 1 1 1 1 1 1 1 1 1 1 1 1 1 1 1 1 1 1 1 1 1 1 1 1 1 1 1 1 1 1 1 1 1 1 1 1 1 1 1 1 1 1 1 1 1 1 1 1 1 1 1 1 1 1 1 1 1 1 1 1 1 1 1 1 1 1 1 1 1 1 1 1 1 1 1 1 1 1 1 1 1 1 1 1 1 1 1 1 1 1 1 1 1 1 1 1 1 1 1 1 1 1 1 1 1 1 1 1 1 1 1 1 1 1 1 1 1 1 1 1 1 1 1 1 1 1 1 1 1 1 1 1 1 1 1 1 1 1 1 1 1 1 1 1 1 1 1 1 1 1 1 1 1 1 1 1 1 1 1 1 1 1 1 1 1 1 1 1 1 1 1 1 1 1 1 1 1 1 1 1 1 1 1 1 1 1 1 1 1 1 1 1 1 1 1 1 1 1 1 1 1 1 1 1 1 1 1 1.00001 1.00001 1.00001 1 1.00001 1.00001 0.999866 1 0.999666 0.99978 0.99951 0.998618 0.999222 0.992 1.00001 0.99743 0.979306 0.995354 0.986861 0.954485 0.936487 0.999928 0.999969 0.999994 0.968676 0.859549 0.888899 0.914627 0.601805 0.827223 0.576447 0.69198 0.574338 0.574364 0.574561 0.574349 0.574349 0.574346 0.574349 0.574349 0.574349 0.574349 0.574349 0.574349 0.574349 0.574349 0.574349 0.574349 0.574349 0.574349 0.574349 0.574349 0.574349 0.574349 0.574349 0.574349 0.574349 0.574349 0.574349 0.574349 0.574349 0.574349 0.574349 0.574349 0.574349 0.574349 0.574349 0.574349 0.574349 0.574349 0.574349 0.574349 0.574349 0.574349 0.574349 0.574349 0.574349 0.574349 0.574349 0.574349 0.574349 0.574349 0.574349 0.574349 0.574349 0.574349 0.574349 0.574349 0.574349 0.574349 0.574349 0.574349 0.574349 0.574349 0.574349 0.574349 0.574349 0.574349 0.574349 0.574349 0.574349 0.574349 0.574349 0.574349 0.574349 0.574349 0.574349 0.574349 0.574349 0.574349 0.574349 0.574349 0.574349 0.574349 0.574349 0.574349 0.574349 0.574349 0.574349 0.574349 0.574349 0.574349 0.574349 0.574349 0.574349 0.574349 0.574349 0.574349 0.574349 0.574349 0.574349 0.574349 0.574349 0.574349 0.574349 0.574349 0.574349 0.574349 0.574349 0.574349 0.574349 0.574349 0.574349 0.574349 0.574349 0.574349 0.574349 0.574349 0.574349 0.574349 0.574349 0.574349 0.574349 0.574349 0.574349 0.574349 0.574349 0.574349 0.574349 0.574349 0.574349 0.574349 0.574349 0.574349 0.574349 0.574349 0.574349 0.574349 0.574349 0.574349 0.574349 0.574349 0.574349 0.574349 0.574349 0.574349 0.574349 0.574349 0.574349 0.574349 0.574349 0.574349 0.574349 0.574349 0.574349 0.574349 0.574349 0.574349 0.574349 0.574349 0.574349 0.574349 0.574349 0.574349 0.574349 0.574349 0.574349 0.574349 0.574349 0.574349 0.574349 0.574349 0.574349 0.574349 0.574349 0.574349 0.574349 0.574349 0.574349 0.574349 0.574349 0.574349 0.574349 0.574349 0.574349 0.574349 0.574349 0.574349 0.574349 0.574356 0.574315 0.571401 0.574349 0.574108 0.487451 0.574349 0.574352 0.551518 
16 0.778904 0.824383 0.863965 0.897516 0.925151 0.947178 0.964063 0.97643 0.98507 0.990882 0.994626 0.996909 0.99892 0.999697 0.999297 0.999909 0.998216 0.999965 0.999822 1.00002 0.999998 1.00001 1.00001 1.00001 0.999527 1 1 1 1.00002 1.00002 1 1 1 1.00001 1 1 1 1 1 1 1 1 1 1 1 1 1 1 1 1 1 1 1 1 1 1 1 1 1 1 1 1 1 1 1 1 1 1 1 1 1 1 1 1 1 1 1 1 1 1 1 1 1 1 1 1 1 1 1 1 1 1 1 1 1 1 1 1 1 1 1 1 1 1 1 1 1 1 1 1 1 1 1 1 1 1 1 1 1 1 1 1 1 1 1 1 1 1 1 1 1 1 1 1 1 1 1 1 1 1 1 1 1 1 1 1 1 1 1 1 1 1 1 1 1 1 1 1 1 1 1 1 1 1 1 1 1 1 1 1 1 1 1 1 1 1 1 1 1 1 1 1 1 1 1 1 1 1 1 1 1 1 1 1 1 1 1 1 1 1 1 1 1 1 1 1 1 1 1 1 1 1 1 1 1 1 1 1 1 1 1 1 1 1 1 1 1 1 1 1 1 1 1 1 1 1 1 1 1 1 1 1 1 1 1 1 1 1 1 1 1 1 1 1 1 1 1 1 1 1 1 1 1 1 1 1 1 1 1 1 1 1 1 1 1 1 1 1 1 1 1 1 1 1 1 1 1 1 1 1 1 1 1 1 1 1 1 1 1 1 1 1 1 1 1 1 1 1 1 1 1 1 1 1 1 1 1 1 1 1 1 1 1 1 1 1 1 1 1 1 1 1 1 1 1 1 1 1 1 1 1 1 1 1 1 1 1 1 1 1 1 1 1 1 1 1 1 1 1 1 1 1 1 1 1 1 1 1 1 1 1 1 1 1 1 1 1 1 1 1 1 1 1 1 1 1 1 1 1 1 1 1 1 1 1 1 1 1 1 1 1 1 1 1 1 1 1 1 1 1 1 1 1 1 1 1 1 1 1 1 1 1 1 1 1 1 1 1 1 1 1 1 1 1 1 1 1 1 1 1 1 1 1 1 1 1 1 1 1 1 1 1 1 1 1 1 1 1 1 1 1 1 1 1 1 1 1 1 1 1 1 1 1 1 1 1 1 1 1 1 1 1 1 1 1 1 1 1 1 1 1 1 1 1 1 1 1 1 1 1 1 1 1 1 1 1 1 1 1 1 1 1 1 1 1 1 1 1 1 1 1 1 1 1 1 1 1 1 1 1 1 1 1 1 1 1 1 1 1 1 1 1 1 1 1 1 1 1 1 1 1 1 1 1 1 1 1 1 1 1 1 1 1 1 1 1 1 1 1 1 1 1 1 1 1 1 1 1 1 1 1 1 1 1 1 1 1 1 1 1 1 1 1 1 1 1 1 1 1 1 1 1 1 1 1 1 1 1 1 1 1 1 1 1 1 1 1 1 1 1 1 1 1 1 1 1 1 1 1 1 1 1 1 1 1 1 1 1 1 1 1 1 1 1 1 1 1 1 1 1 1 1 1 1 1 1 1 1 1 1 1 1 1 1 1 1 1 1 1 1 1 1 1 1 1 1 1 1 1 1 1 1 1 1 1 1 1 1 1 1 1 1 1 1 1 1 1 1 1 1 1 1 1 1 1 1 1 1 1 1 1 1 1 1 1 1 1 1 1 1 1 1 1 1 1 1 1 1 1 1 1 1 1 1 1 1 1 1 1 1 1 1 1 1 1 1 1 1 1 1 1 1 1 1 1 1 1 1 1 1 1 1 1 1 1 1 1 1 1 1 1 1.00001 1 1.00001 1.00002 1.00002 1.00001 1.00001 0.999993 0.999918 0.999751 1 0.999622 0.999965 0.999848 0.999139 0.997303 0.995207 0.991837 0.986686 1.00001 0.954294 0.936291 0.914427 0.979124 0.888696 0.859349 0.827039 0.692015 0.998513 0.999447 0.601995 0.57459 0.574337 0.574366 0.574349 0.574346 0.574349 0.968489 0.574349 0.574349 0.574349 0.576547 0.574349 0.574349 0.574349 0.574349 0.574349 0.574349 0.574349 0.574349 0.574349 0.574349 0.574349 0.574349 0.574349 0.574349 0.574349 0.574349 0.574349 0.574349 0.574349 0.574349 0.574349 0.574349 0.574349 0.574349 0.574349 0.574349 0.574349 0.574349 0.574349 0.574349 0.574349 0.574349 0.574349 0.574349 0.574349 0.574349 0.574349 0.574349 0.574349 0.574349 0.574349 0.574349 0.574349 0.574349 0.574349 0.574349 0.574349 0.574349 0.574349 0.574349 0.574349 0.574349 0.574349 0.574349 0.574349 0.574349 0.574349 0.574349 0.574349 0.574349 0.574349 0.574349 0.574349 0.574349 0.574349 0.574349 0.574349 0.574349 0.574349 0.574349 0.574349 0.574349 0.574349 0.574349 0.574349 0.574349 0.574349 0.574349 0.574349 0.574349 0.574349 0.574349 0.574349 0.574349 0.574349 0.574349 0.574349 0.574349 0.574349 0.574349 0.574349 0.574349 0.574349 0.574349 0.574349 0.574349 0.574349 0.574349 0.574349 0.574349 0.574349 0.574349 0.574349 0.574349 0.574349 0.574349 0.574349 0.574349 0.574349 0.574349 0.574349 0.574349 0.574349 0.574349 0.574349 0.574349 0.574349 0.574349 0.574349 0.574349 0.574349 0.574349 0.574349 0.574349 0.574349 0.574349 0.574349 0.574349 0.574349 0.574349 0.574349 0.574349 0.574349 0.574349 0.574349 0.574349 0.574349 0.574349 0.574349 0.574349 0.574349 0.574349 0.574349 0.574349 0.574349 0.574349 0.574349 0.574349 0.574349 0.574349 0.574349 0.574349 0.574349 0.574349 0.574349 0.574349 0.574349 0.574349 0.574349 0.574349 0.574349 0.574349 0.574349 0.574349 0.574349 0.574349 0.574349 0.574349 0.574349 0.574349 0.574349 0.574349 0.574349 0.574349 0.574349 0.574349 0.574349 0.574357 0.571328 0.551431 0.574076 0.574311 0.487331 0.574353 0.574349 0.574349 0.574349 
17 0.778456 0.823978 0.863603 0.89719 0.924851 0.946895 0.96379 0.976164 0.984815 0.990646 0.994415 0.996728 0.998067 0.998804 0.999212 0.999659 0.999468 0.99996 0.999997 1.00002 1.00002 0.999897 1.00001 1.00002 1.00001 1.00001 0.9998 1 1 1 1 1 1 1 1 1 1 1 1 1 1 1 1 1 1 1 1 1 1 1 1 1 1 1 1 1 1 1 1 1 1 1 1 1 1 1 1 1 1 1 1 1 1 1 1 1 1 1 1 1 1 1 1 1 1 1 1 1 1 1 1 1 1.00002 1 1 1 1 1 1 1 1 1 1 1 1 1 1 1 1 1 1 1 1 1 1 1 1 1 1 1 1 1 1 1 1 1 1 1 1 1 1 1 1 1 1 1 1 1 1 1 1 1 1 1 1 1 1 1 1 1 1 1 1 1 1 1 1 1 1 1 1 1 1 1 1 1 1 1 1 1 1 1 1 1 1 1 1 1 1 1 1 1 1 1 1 1 1 1 1 1 1 1 1 1 1 1 1 1 1 1 1 1 1 1 1 1 1 1 1 1 1 1 1 1 1 1 1 1 1 1 1 1 1 1 1 1 1 1 1 1 1 1 1 1 1 1 1 1 1 1 1 1 1 1 1 1 1 1 1 1 1 1 1 1 1 1 1 1 1 1 1 1 1 1 1 1 1 1 1 1 1 1 1 1 1 1 1 1 1 1 1 1 1 1 1 1 1 1 1 1 1 1 1 1 1 1 1 1 1 1 1 1 1 1 1 1 1 1 1 1 1 1 1 1 1 1 1 1 1 1 1 1 1 1 1 1 1 1 1 1 1 1 1 1 1 1 1 1 1 1 1 1 1 1 1 1 1 1 1 1 1 1 1 1 1 1 1 1 1 1 1 1 1 1 1 1 1 1 1 1 1 1 1 1 1 1 1 1 1 1 1 1 1 1 1 1 1 1 1 1 1 1 1 1 1 1 1 1 1 1 1 1 1 1 1 1 1 1 1 1 1 1 1 1 1 1 1 1 1 1 1 1 1 1 1 1 1 1 1 1 1 1 1 1 1 1 1 1 1 1 1 1 1 1 1 1 1 1 1 1 1 1 1 1 1 1 1 1 1 1 1 1 1 1 1 1 1 1 1 1 1 1 1 1 1 1 1 1 1 1 1 1 1 1 1 1 1 1 1 1 1 1 1 1 1 1 1 1 1 1 1 1 1 1 1 1 1 1 1 1 1 1 1 1 1 1 1 1 1 1 1 1 1 1 1 1 1 1 1 1 1 1 1 1 1 1 1 1 1 1 1 1 1 1 1 1 1 1 1 1 1 1 1 1 1 1 1 1 1 1 1 1 1 1 1 1 1 1 1 1 1 1 1 1 1 1 1 1 1 1 1 1 1 1 1 1 1 1 1 1 1 1 1 1 1 1 1 1 1 1 1 1 1 1 1 1 1 1 1 1 1 1 1 1 1 1 1 1 1 1 1 1 1 1 1 1 1 1 1 1 1 1 1 1 1 1 1 1 1 1 1 1 1 1 1 1 1 1 1 1 1 1 1 1 1 1 1 1 1 1 1 1 1 1 1 1 1 1 1 1 1 1 1 1 1 1 1 1 1 1 1 1 1 1 1 1 1 1 1 1 1 1 1 1 1 1 1 1 1 1 1 1 1 1 1 1 1 1 1 1 1 1 1 1 1 1 1 1 1 1 1 1 1 1 1 1 1 1 1 1 1 1 1 1 1 1 1 1 1 1 1 1 1 1 1 1 1 1 1 1 1 1 1 1 1 1 1 1 1 1 1 1 1 1 1 1 1 1 1 1 1.00001 1.00002 1.00002 1.00001 1.00002 1.00001 0.999993 0.999961 0.999908 0.99972 1 0.999575 0.99905 0.999381 1.00001 0.99983 0.997168 0.991665 0.986501 0.96829 0.978931 0.954091 0.936082 0.914214 0.88848 0.859137 0.998401 0.995051 0.826844 0.692052 0.576654 0.602196 0.574335 0.57462 0.574368 0.574345 0.574349 0.574349 0.574349 0.574349 0.574349 0.574349 0.574349 0.574349 0.574349 0.574349 0.574349 0.574349 0.574349 0.574349 0.574349 0.574349 0.574349 0.574349 0.574349 0.574349 0.574349 0.574349 0.574349 0.574349 0.574349 0.574349 0.574349 0.574349 0.574349 0.574349 0.574349 0.574349 0.574349 0.574349 0.574349 0.574349 0.574349 0.574349 0.574349 0.574349 0.574349 0.574349 0.574349 1 0.574349 0.574349 0.574349 0.574349 0.574349 0.574349 0.574349 0.574349 0.574349 0.574349 0.574349 0.574349 0.574349 0.574349 0.574349 0.574349 0.574349 0.574349 0.574349 0.574349 0.574349 0.574349 0.574349 0.574349 0.574349 0.574349 0.574349 0.574349 0.574349 0.574349 0.574349 0.574349 0.574349 0.574349 0.574349 0.574349 0.574349 0.574349 0.574349 0.574349 0.574349 0.574349 0.574349 0.574349 0.574349 0.574349 0.574349 0.574349 0.574349 0.574349 0.574349 0.574349 0.574349 0.574349 0.574349 0.574349 0.574349 0.574349 0.574349 0.574349 0.574349 0.574349 0.574349 0.574349 0.574349 0.574349 0.574349 0.574349 0.574349 0.574349 0.574349 0.574349 0.574349 0.574349 0.574349 0.574349 0.574349 0.574349 0.574349 0.574349 0.574349 0.574349 0.574349 0.574349 0.574349 0.574349 0.574349 0.574349 0.574349 0.574349 0.574349 0.574349 0.574349 0.574349 0.574349 0.574349 0.574349 0.574349 0.574349 0.574349 0.574349 0.574349 0.574349 0.574349 0.574349 0.574349 0.574349 0.574349 0.574349 0.574349 0.574349 0.574349 0.574349 0.574349 0.574349 0.574349 0.574349 0.574349 0.574349 0.574349 0.574349 0.574349 0.574349 0.574349 0.574349 0.574349 0.574349 0.574349 0.574349 0.574349 0.574349 0.574349 0.574349 0.574349 0.574349 0.574349 0.574349 0.574349 0.574353 0.574358 0.574306 0.574043 0.571251 0.551339 0.487203 0.574349 0.57435 0.574349 0.574349 1 
18 0.777982 0.82355 0.863221 0.896845 0.924534 0.946596 0.963501 0.984546 0.975883 0.990395 0.994191 0.99791 0.996536 0.998681 0.999406 0.99962 0.999776 0.999885 0.999956 0.999997 1.00002 1.00003 1.00003 1.00002 0.999121 1.00001 1.00001 1 1 1 1 1 1 1 1 1.00002 1 1 1 1 1 1 1 1 1 1 1 1 1 1 1 1 1 1 1 1 1 1 1 1 1 1 1 1 1 1 1 1 1 1 1 1 1 1 1 1 1 1 1 1 1 1 1 1 1 1 1 1 1 1 1 1 1 1 1 1 1 1 1 1 1 1 1 1 1 1 1 1 1 1 1 1 1 1 1 1 1 1 1 1 1 1 1 1 1 1 1 1 1 1 1 1 1 1 1 1 1 1 1 1 1 1 1 1 1 1 1 1 1 1 1 1 1 1 1 1 1 1 1 1 1 1 1 1 1 1 1 1 1 1 1 1 1 1 1 1 1 1 1 1 1 1 1 1 1 1 1 1 1 1 1 1 1 1 1 1 1 1 1 1 1 1 1 1 1 1 1 1 1 1 1 1 1 1 1 1 1 1 1 1 1 1 1 1 1 1 1 1 1 1 1 1 1 1 1 1 1 1 1 1 1 1 1 1 1 1 1 1 1 1 1 1 1 1 1 1 1 1 1 1 1 1 1 1 1 1 1 1 1 1 1 1 1 1 1 1 1 1 1 1 1 1 1 1 1 1 1 1 1 1 1 1 1 1 1 1 1 1 1 1 1 1 1 1 1 1 1 1 1 1 1 1 1 1 1 1 1 1 1 1 1 1 1 1 1 1 1 1 1 1 1 1 1 1 1 1 1 1 1 1 1 1 1 1 1 1 1 1 1 1 1 1 1 1 1 1 1 1 1 1 1 1 1 1 1 1 1 1 1 1 1 1 1 1 1 1 1 1 1 1 1 1 1 1 1 1 1 1 1 1 1 1 1 1 1 1 1 1 1 1 1 1 1 1 1 1 1 1 1 1 1 1 1 1 1 1 1 1 1 1 1 1 1 1 1 1 1 1 1 1 1 1 1 1 1 1 1 1 1 1 1 1 1 1 1 1 1 1 1 1 1 1 1 1 1 1 1 1 1 1 1 1 1 1 1 1 1 1 1 1 1 1 1 1 1 1 1 1 1 1 1 1 1 1 1 1 1 1 1 1 1 1 1 1 1 1 1 1 1 1 1 1 1 1 1 1 1 1 1 1 1 1 1 1 1 1 1 1 1 1 1 1 1 1 1 1 1 1 1 1 1 1 1 1 1 1 1 1 1 1 1 1 1 1 1 1 1 1 1 1 1 1 1 1 1 1 1 1 1 1 1 1 1 1 1 1 1 1 1 1 1 1 1 1 1 1 1 1 1 1 1 1 1 1 1 1 1 1 1 1 1 1 1 1 1 1 1 1 1 1 1 1 1 1 1 1 1 1 1 1 1 1 1 1 1 1 1 1 1 1 1 1 1 1 1 1 1 1 1 1 1 1 1 1 1 1 1 1 1 1 1 1 1 1 1 1 1 1 1 1 1 1 1 1 1 1 1 1 1 1 1 1 1 1 1 1 1 1 1 1 1 1 1 1 1 1 1 1 1 1 1 1 1 1 1 1 1 1 1 1 1 1 1 1 1 1 1 1 1 1 1 1 1 1 1 1 1 1 1 1 1 1 1 1 1 1 1 1 1 1 1 1 1 1 1 1 1 1 1 1 1 1 1 1 1 1 1 1 1 1 1 1 1 1 1 1 1 1 1 1 1 1 1 1 1 1 1 1 1 1 1 1 1 1 1 1 1 1 1 1.00001 1.00001 1.00001 1.00002 1.00002 1.00002 1.00001 0.999992 0.999956 0.999897 1 0.99981 0.999687 0.999525 0.99931 0.998956 0.997025 1 0.994887 0.998282 0.991482 0.978726 0.953875 0.935862 0.913989 0.96808 0.888252 0.858912 0.826637 0.692091 0.60241 0.576768 0.574652 0.574371 0.574334 1 0.574349 0.574349 0.574349 0.574345 0.574349 0.574349 0.574349 0.574349 0.574349 0.574349 0.574349 0.574349 0.574349 0.574349 0.574349 0.574349 0.574349 0.574349 0.574349 0.574349 0.574349 0.574349 0.574349 0.574349 0.574349 0.574349 0.574349 0.574349 1 0.574349 0.574349 0.574349 0.986304 0.574349 0.574349 0.574349 0.574349 0.574349 0.574349 0.574349 0.574349 0.574349 0.574349 0.574349 0.574349 0.574349 0.574349 0.574349 0.574349 0.574349 0.574349 0.574349 0.574349 0.574349 0.574349 0.574349 0.574349 0.574349 0.574349 0.574349 0.574349 0.574349 0.574349 0.574349 0.574349 0.574349 0.574349 0.574349 0.574349 0.574349 0.574349 0.574349 0.574349 0.574349 0.574349 0.574349 0.574349 0.574349 0.574349 0.574349 0.574349 0.574349 0.574349 0.574349 0.574349 0.574349 0.574349 0.574349 0.574349 0.574349 0.574349 0.574349 0.574349 0.574349 0.574349 0.574349 0.574349 0.574349 0.574349 0.574349 0.574349 0.574349 0.574349 0.574349 0.574349 0.574349 0.574349 0.574349 0.574349 0.574349 0.574349 0.574349 0.574349 0.574349 0.574349 0.574349 0.574349 0.574349 0.574349 0.574349 0.574349 0.574349 0.574349 0.574349 0.574349 0.574349 0.574349 0.574349 0.574349 0.574349 0.574349 0.574349 0.574349 0.574349 0.574349 0.574349 0.574349 0.574349 0.574349 0.574349 0.574349 0.574349 0.574349 0.574349 0.574349 0.574349 0.574349 0.574349 0.574349 0.574349 0.574349 0.574349 0.574349 0.574349 0.574349 0.574349 0.574349 0.574349 0.574349 0.574349 0.574349 0.574349 0.574349 0.574349 0.574349 0.574349 0.574349 0.574349 0.574349 0.574349 0.574349 0.574349 0.574349 0.574349 0.574349 0.574349 0.574349 0.574349 0.574349 0.574349 0.574349 0.574349 0.574349 0.57435 0.574354 0.57436 0.574007 0.571169 0.574301 0.551241 0.487067 0.574349 0.574349 0.574349 0.574349 
19 0.777482 0.823098 0.862817 0.896482 0.9242 0.94628 0.963195 0.975586 0.984262 0.990132 0.993955 0.996334 0.997744 0.998552 0.999026 0.999341 0.999752 0.999578 0.999872 0.999996 0.99995 1.00002 1.00001 1.00003 1.00002 1.00001 1.00002 1.00003 1.00001 1 1 1 1 1 1 1 1 1 1 1 1 1 1 1 1 1 1 1 1 1 1 1 1 1 1 1 1 1 1 1 1 1 1 1 1 1 1 1 1 1 1 1 1 1 1 1 1 1 1 1 1 1 1 1 1 1 1 1 1 1 1 1 1 1 1 1 1 1 1 1 1 1 1 1 1 1 1 1 1 1 1 1 1 1 1 1 1 1 1 1 1 1 1 1 1 1 1 1 1 1 1 1 1 1 1 1 1 1 1 1 1 1 1 1 1 1 1 1 1 1 1 1 1 1 1 1 1 1 1 1 1 1 1 1 1 1 1 1 1 1 1 1 1 1 1 1 1 1 1 1 1 1 1 1 1 1 1 1 1 1 1 1 1 1 1 1 1 1 1 1 1 1 1 1 1 1 1 1 1 1 1 1 1 1 1 1 1 1 1 1 1 1 1 1 1 1 1 1 1 1 1 1 1 1 1 1 1 1 1 1 1 1 1 1 1 1 1 1 1 1 1 1 1 1 1 1 1 1 1 1 1 1 1 1 1 1 1 1 1 1 1 1 1 1 1 1 1 1 1 1 1 1 1 1 1 1 1 1 1 1 1 1 1 1 1 1 1 1 1 1 1 1 1 1 1 1 1 1 1 1 1 1 1 1 1 1 1 1 1 1 1 1 1 1 1 1 1 1 1 1 1 1 1 1 1 1 1 1 1 1 1 1 1 1 1 1 1 1 1 1 1 1 1 1 1 1 1 1 1 1 1 1 1 1 1 1 1 1 1 1 1 1 1 1 1 1 1 1 1 1 1 1 1 1 1 1 1 1 1 1 1 1 1 1 1 1 1 1 1 1 1 1 1 1 1 1 1 1 1 1 1 1 1 1 1 1 1 1 1 1 1 1 1 1 1 1 1 1 1 1 1 1 1 1 1 1 1 1 1 1 1 1 1 1 1 1 1 1 1 1 1 1 1 1 1 1 1 1 1 1 1 1 1 1 1 1 1 1 1 1 1 1 1 1 1 1 1 1 1 1 1 1 1 1 1 1 1 1 1 1 1 1 1 1 1 1 1 1 1 1 1 1 1 1 1 1 1 1 1 1 1 1 1 1 1 1 1 1 1 1 1 1 1 1 1 1 1 1 1 1 1 1 1 1 1 1 1 1 1 1 1 1 1 1 1 1 1 1 1 1 1 1 1 1 1 1 1 1 1 1 1 1 1 1 1 1 1 1 1 1 1 1 1 1 1 1 1 1 1 1 1 1 1 1 1 1 1 1 1 1 1 1 1 1 1 1 1 1 1 1 1 1 1 1 1 1 1 1 1 1 1 1 1 1 1 1 1 1 1 1 1 1 1 1 1 1 1 1 1 1 1 1 1 1 1 1 1 1 1 1 1 1 1 1 1 1 1 1 1 1 1 1 1 1 1 1 1 1 1 1 1 1 1 1 1 1 1 1 1 1 1 1 1 1 1 1 1 1 1 1 1 1 1 1 1 1 1 1 1 1 1 1 1 1 1 1 1 1 1 1 1 1 1 1 1 1 1 1 1 1 1 1 1 1 1 1 1 1 1 1 1 1 1 1 1 1 1 1 1 1 1 1 1 1 1 1 1 1 1 1 1 1 1 1 1 1 1 1 1 1 1 1 1 1 1 1 1 1 1 1 1 1 1 1 1 1 1 1 1 1 1.00002 1 1 1.00002 1 1.00001 0.999951 1.00001 0.999886 1.00001 1.00002 0.999788 0.999472 0.999236 0.998857 0.998157 0.996875 0.986097 0.991289 0.97851 0.999652 0.99999 0.994713 0.913751 0.935629 0.826419 0.602635 0.574686 0.576887 0.574373 0.574344 0.574332 0.967858 0.953648 0.574349 0.574349 0.574349 0.888011 0.574349 0.692133 1.00002 0.858675 0.574349 0.574349 0.574349 0.574349 0.574349 0.574349 0.574349 0.574349 0.574349 0.574349 0.574349 0.574349 0.574349 0.574349 0.574349 0.574349 0.574349 0.574349 0.574349 0.574349 0.574349 0.574349 0.574349 0.574349 0.574349 0.574349 0.574349 0.574349 0.574349 0.574349 0.574349 0.574349 0.574349 0.574349 0.574349 0.574349 0.574349 0.574349 0.574349 0.574349 0.574349 0.574349 0.574349 0.574349 0.574349 0.574349 0.574349 0.574349 0.574349 0.574349 0.574349 0.574349 0.574349 0.574349 0.574349 0.574349 0.574349 0.574349 0.574349 0.574349 0.574349 0.574349 0.574349 0.574349 0.574349 0.574349 0.574349 0.574349 0.574349 0.574349 0.574349 0.574349 0.574349 0.574349 0.574349 0.574349 0.574349 0.574349 0.574349 0.574349 0.574349 0.574349 0.574349 0.574349 0.574349 0.574349 0.574349 0.574349 0.574349 0.574349 0.574349 0.574349 0.574349 0.574349 0.574349 0.574349 0.574349 0.574349 0.574349 0.574349 0.574349 0.574349 0.574349 0.574349 0.574349 0.574349 0.574349 0.574349 0.574349 0.574349 0.574349 0.574349 0.574349 0.574349 0.574349 0.574349 0.574349 0.574349 0.574349 0.574349 0.574349 0.574349 0.574349 0.574349 0.574349 0.574349 0.574349 0.574349 0.574349 0.574349 0.574349 0.574349 0.574349 0.574349 0.574349 0.574349 0.574349 0.574349 0.574349 0.574349 0.574349 0.574349 0.574349 0.574349 0.574349 0.574349 0.574349 0.574349 0.574349 0.574349 0.574349 0.574349 0.574349 0.574349 0.574349 0.574349 0.574349 0.574349 0.574349 0.574349 0.574349 0.574349 0.574349 0.574349 0.574349 0.574349 0.574349 0.574349 0.574349 0.574349 0.574349 0.574349 0.574349 0.574349 0.574349 0.574349 0.574349 0.574349 0.574349 0.57435 0.574349 0.574354 0.574361 0.573969 0.574296 0.571083 0.551137 0.486924 
20 0.776956 0.822623 0.862393 0.8961 0.923848 0.945947 0.962874 0.975274 0.983963 0.989854 0.993707 0.99757 0.996121 0.998416 0.998927 0.999272 0.999533 0.999725 0.999996 1.00003 1.00003 0.999945 1.00001 1.00001 0.999859 1.00002 1 1 1 1 1.00003 1.00002 1 1 1 1 1 1.00001 1 1 1 1 1 1 1 1 1 1 1 1 1 1 1 1 1 1 1 1 1 1 1 1 1 1 1 1 1 1 1 1 1 1 1 1 1 1 1 1 1 1 1 1 1 1 1 1 1 1 1 1 1 1 1 1 1 1 1 1 1 1 1 1 1 1 1 1 1 1 1 1 1 1 1 1 1 1 1 1 1 1 1 1 1 1 1 1 1 1 1 1 1 1 1 1 1 1 1 1 1 1 1 1 1 1 1 1 1 1 1 1 1 1 1 1 1 1 1 1 1 1 1 1 1 1 1 1 1 1 1 1 1 1 1 1 1 1 1 1 1 1 1 1 1 1 1 1 1 1 1 1 1 1 1 1 1 1 1 1 1 1 1 1 1 1 1 1 1 1 1 1 1 1 1 1 1 1 1 1 1 1 1 1 1 1 1 1 1 1 1 1 1 1 1 1 1 1 1 1 1 1 1 1 1 1 1 1 1 1 1 1 1 1 1 1 1 1 1 1 1 1 1 1 1 1 1 1 1 1 1 1 1 1 1 1 1 1 1 1 1 1 1 1 1 1 1 1 1 1 1 1 1 1 1 1 1 1 1 1 1 1 1 1 1 1 1 1 1 1 1 1 1 1 1 1 1 1 1 1 1 1 1 1 1 1 1 1 1 1 1 1 1 1 1 1 1 1 1 1 1 1 1 1 1 1 1 1 1 1 1 1 1 1 1 1 1 1 1 1 1 1 1 1 1 1 1 1 1 1 1 1 1 1 1 1 1 1 1 1 1 1 1 1 1 1 1 1 1 1 1 1 1 1 1 1 1 1 1 1 1 1 1 1 1 1 1 1 1 1 1 1 1 1 1 1 1 1 1 1 1 1 1 1 1 1 1 1 1 1 1 1 1 1 1 1 1 1 1 1 1 1 1 1 1 1 1 1 1 1 1 1 1 1 1 1 1 1 1 1 1 1 1 1 1 1 1 1 1 1 1 1 1 1 1 1 1 1 1 1 1 1 1 1 1 1 1 1 1 1 1 1 1 1 1 1 1 1 1 1 1 1 1 1 1 1 1 1 1 1 1 1 1 1 1 1 1 1 1 1 1 1 1 1 1 1 1 1 1 1 1 1 1 1 1 1 1 1 1 1 1 1 1 1 1 1 1 1 1 1 1 1 1 1 1 1 1 1 1 1 1 1 1 1 1 1 1 1 1 1 1 1 1 1 1 1 1 1 1 1 1 1 1 1 1 1 1 1 1 1 1 1 1 1 1 1 1 1 1 1 1 1 1 1 1 1 1 1 1 1 1 1 1 1 1 1 1 1 1 1 1 1 1 1 1 1 1 1 1 1 1 1 1 1 1 1 1 1 1 1 1 1 1 1 1 1 1 1 1 1 1 1 1 1 1 1 1 1 1 1 1 1 1 1 1 1 1 1 1 1 1 1 1 1 1 1 1 1 1 1 1 1 1 1 1 1 1 1 1 1 1 1 1 1 1 1 1 1 1 1 1 1 1 1 1 1 1 1 1 1 1 1 1 1 1 1 1 1 1 1 1 1 1 1 1 1 1 1 1 1 1 1 1 1 1 1 1 1 1 1 1 1 1 1 1 1 1 1 1 1 1 1 1 1 1 1 1 1 1 1 1 1 1 1 1 1 1 1 1 1 1.00001 1 1 1.00001 1.00001 1.00002 1.00002 1.00002 1.00002 0.999766 0.999945 1.00001 0.999874 1 0.999417 0.999157 0.998753 0.998026 0.999616 0.991086 0.978282 0.996717 0.967625 0.99453 1 0.985879 0.858426 0.999989 0.887758 0.692177 0.602872 0.574722 0.913501 0.953409 0.57433 0.82619 0.574349 0.574344 0.574349 0.935385 0.574349 0.574349 0.574349 0.577014 0.574349 0.574376 0.574349 0.574349 0.574349 0.574349 0.574349 0.574349 0.574349 0.574349 0.574349 0.574349 0.574349 0.574349 0.574349 0.574349 0.574349 0.574349 0.574349 0.574349 0.574349 0.574349 0.574349 0.574349 0.574349 0.574349 0.574349 0.574349 0.574349 0.574349 0.574349 0.574349 0.574349 0.574349 0.574349 0.574349 0.574349 0.574349 0.574349 0.574349 0.574349 0.574349 0.574349 0.574349 0.574349 0.574349 0.574349 0.574349 0.574349 0.574349 0.574349 0.574349 0.574349 0.574349 0.574349 0.574349 0.574349 0.574349 0.574349 0.574349 0.574349 0.574349 0.574349 0.574349 0.574349 0.574349 0.574349 0.574349 0.574349 0.574349 0.574349 0.574349 0.574349 0.574349 0.574349 0.574349 0.574349 0.574349 0.574349 0.574349 0.574349 0.574349 0.574349 0.574349 0.574349 0.574349 0.574349 0.574349 0.574349 0.574349 0.574349 0.574349 0.574349 0.574349 0.574349 0.574349 0.574349 0.574349 0.574349 0.574349 0.574349 0.574349 0.574349 0.574349 0.574349 0.574349 0.574349 0.574349 0.574349 0.574349 0.574349 0.574349 0.574349 0.574349 0.574349 0.574349 0.574349 0.574349 0.574349 0.574349 0.574349 0.574349 0.574349 0.574349 0.574349 0.574349 0.574349 0.574349 0.574349 0.574349 0.574349 0.574349 0.574349 0.574349 0.574349 0.574349 0.574349 0.574349 0.574349 0.574349 0.574349 0.574349 0.574349 0.574349 0.574349 0.574349 0.574349 0.574349 0.574349 0.574349 0.574349 0.574349 0.574349 0.574349 0.574349 0.574349 0.574349 0.574349 0.574349 0.574349 0.574349 0.574349 0.574349 0.574349 0.574349 0.574349 0.574349 0.574349 0.574349 0.574349 0.574349 0.574349 0.574349 0.574349 0.574349 0.57435 0.574349 0.574349 0.574349 0.57429 0.574362 0.574349 0.574355 0.551029 0.574349 0.573929 0.570992 0.486774 
21 0.776405 0.822125 0.861947 0.895698 0.923478 0.945598 0.962537 0.974946 0.983649 0.989563 0.993447 0.995898 0.997387 0.998274 0.998822 0.9992 0.999487 0.999995 0.999939 0.999845 1.00002 1.00003 1.00003 0.999698 1.00002 1.00001 1 1 1 1.00003 1 1.00002 1.00001 1 1 1 1 1 1 1 1 1 1 1 1 1 1 1 1 1 1 1 1 1 1 1 1 1 1 1 1 1 1 1 1 1 1 1 1 1 1 1 1 1 1 1 1 1 1 1 1 1 1 1 1 1 1 1 1 1 1 1 1 1 1 1 1 1 1 1 1 1 1 1 1 1 1 1 1 1 1 1 1 1 1 1 1 1 1 1 1 1 1 1 1 1 1 1 1 1 1 1 1 1 1 1 1 1 1 1 1 1 1 1 1 1 1 1 1 1 1 1 1 1 1 1 1 1 1 1 1 1 1 1 1 1 1 1 1 1 1 1 1 1 1 1 1 1 1 1 1 1 1 1 1 1 1 1 1 1 1 1 1 1 1 1 1 1 1 1 1 1 1 1 1 1 1 1 1 1 1 1 1 1 1 1 1 1 1 1 1 1 1 1 1 1 1 1 1 1 1 1 1 1 1 1 1 1 1 1 1 1 1 1 1 1 1 1 1 1 1 1 1 1 1 1 1 1 1 1 1 1 1 1 1 1 1 1 1 1 1 1 1 1 1 1 1 1 1 1 1 1 1 1 1 1 1 1 1 1 1 1 1 1 1 1 1 1 1 1 1 1 1 1 1 1 1 1 1 1 1 1 1 1 1 1 1 1 1 1 1 1 1 1 1 1 1 1 1 1 1 1 1 1 1 1 1 1 1 1 1 1 1 1 1 1 1 1 1 1 1 1 1 1 1 1 1 1 1 1 1 1 1 1 1 1 1 1 1 1 1 1 1 1 1 1 1 1 1 1 1 1 1 1 1 1 1 1 1 1 1 1 1 1 1 1 1 1 1 1 1 1 1 1 1 1 1 1 1 1 1 1 1 1 1 1 1 1 1 1 1 1 1 1 1 1 1 1 1 1 1 1 1 1 1 1 1 1 1 1 1 1 1 1 1 1 1 1 1 1 1 1 1 1 1 1 1 1 1 1 1 1 1 1 1 1 1 1 1 1 1 1 1 1 1 1 1 1 1 1 1 1 1 1 1 1 1 1 1 1 1 1 1 1 1 1 1 1 1 1 1 1 1 1 1 1 1 1 1 1 1 1 1 1 1 1 1 1 1 1 1 1 1 1 1 1 1 1 1 1 1 1 1 1 1 1 1 1 1 1 1 1 1 1 1 1 1 1 1 1 1 1 1 1 1 1 1 1 1 1 1 1 1 1 1 1 1 1 1 1 1 1 1 1 1 1 1 1 1 1 1 1 1 1 1 1 1 1 1 1 1 1 1 1 1 1 1 1 1 1 1 1 1 1 1 1 1 1 1 1 1 1 1 1 1 1 1 1 1 1 1 1 1 1 1 1 1 1 1 1 1 1 1 1 1 1 1 1 1 1 1 1 1 1 1 1 1 1 1 1 1 1 1 1 1 1 1 1 1 1 1 1 1 1 1 1 1 1 1 1 1 1 1 1 1 1 1 1 1 1 1 1 1 1 1 1 1 1 1 1 1 1 1 1 1 1 1 1 1 1 1 1 1 1 1 1 1 1 1 1 1 1 1 1 1 1 1 1 1 1 1 1 1 1 1 1 1 1 1 1 1 1 1 1 1 1 1 1 1 1 1 1 1 1 1 1 1 1 1 1 1 1 1 1 1 1 1 1 1 1 1 1 1.00001 1 1.00001 1.00002 1.00001 1.00003 1.00002 1 1 0.999988 0.99994 1 1 1.00001 0.999359 0.999577 0.999075 0.998643 0.996551 0.994339 1 0.985651 1.00002 0.997888 0.978044 0.990873 0.96738 0.913239 0.935128 0.887493 0.858165 0.825951 0.953158 1 0.999861 0.603121 1 0.574759 0.574329 0.577146 0.574379 0.574348 0.692223 0.574343 0.574349 0.574349 0.574349 0.574349 0.574349 0.999743 0.574349 0.574349 0.574349 0.574349 0.574349 0.574349 0.574349 0.574349 0.574349 0.574349 0.574349 0.574349 0.574349 0.574349 0.574349 0.574349 0.574349 0.574349 0.574349 0.574349 0.574349 0.574349 0.574349 0.574349 0.574349 0.574349 0.574349 0.574349 0.574349 0.574349 0.574349 0.574349 0.574349 0.574349 0.574349 0.574349 0.574349 0.574349 0.574349 0.574349 0.574349 0.574349 0.574349 0.574349 0.574349 0.574349 0.574349 0.574349 1 0.574349 0.574349 0.574349 0.574349 0.574349 0.574349 0.574349 0.574349 0.574349 0.574349 1 0.574349 0.574349 0.574349 0.574349 0.574349 0.574349 0.574349 0.574349 0.574349 0.574349 0.574349 0.574349 0.574349 0.574349 0.574349 0.574349 0.574349 0.574349 0.574349 0.574349 0.574349 0.574349 0.574349 0.574349 0.574349 0.574349 0.574349 0.574349 0.574349 0.574349 0.574349 0.574349 0.574349 0.574349 0.574349 0.574349 0.574349 0.574349 0.574349 0.574349 0.574349 0.574349 0.574349 0.574349 0.574349 0.574349 0.574349 0.574349 0.574349 0.574349 0.574349 0.574349 0.574349 0.574349 0.574349 0.574349 0.574349 0.574349 0.574349 0.574349 0.574349 0.574349 0.574349 0.574349 0.574349 0.574349 0.574349 0.574349 0.574349 0.574349 0.574349 0.574349 0.574349 0.574349 0.574349 0.574349 0.574349 0.574349 0.574349 0.574349 0.574349 0.574349 0.574349 0.574349 0.574349 0.574349 0.574349 0.574349 0.574349 0.574349 0.574349 0.574349 0.574349 0.574349 0.574349 0.574349 0.574349 0.574349 0.574349 0.574349 0.574349 0.574349 0.574349 0.574349 0.574349 0.574349 0.574349 0.574349 0.574349 0.574349 0.574349 0.574349 0.574349 0.574349 0.574349 0.574349 0.574349 0.574355 0.574349 0.57435 0.574363 0.574284 0.574349 0.573887 0.570897 0.486616 0.574349 0.550914 
22 0.775828 0.821604 0.861482 0.895279 0.923092 0.945232 0.962184 0.974603 0.983321 0.989258 0.993175 0.995665 0.998712 0.998125 0.999438 0.997196 0.99983 0.999933 0.999994 1.00002 0.999124 1.00004 1.00003 0.999669 1.00004 1.00002 1.00001 1.00002 1.00001 1 1 1 1 1 1 1 1 1 1 1 1 1 1 1 1 1 1 1 1 1 1 1 1 1 1 1 1 1 1 1 1 1 1 1 1 1 1 1 1 1 1 1 1 1 1 1 1 1 1 1 1 1 1 1 1 1 1 1 1 1 1 1 1 1 1 1 1 1 1 1 1 1 1 1 1 1 1 1 1 1 1 1 1 1 1 1 1 1 1 1 1 1 1 1 1 1 1 1 1 1 1 1 1 1 1 1 1 1 1 1 1 1 1 1 1 1 1 1 1 1 1 1 1 1 1 1 1 1 1 1 1 1 1 1 1 1 1 1 1 1 1 1 1 1 1 1 1 1 1 1 1 1 1 1 1 1 1 1 1 1 1 1 1 1 1 1 1 1 1 1 1 1 1 1 1 1 1 1 1 1 1 1 1 1 1 1 1 1 1 1 1 1 1 1 1 1 1 1 1 1 1 1 1 1 1 1 1 1 1 1 1 1 1 1 1 1 1 1 1 1 1 1 1 1 1 1 1 1 1 1 1 1 1 1 1 1 1 1 1 1 1 1 1 1 1 1 1 1 1 1 1 1 1 1 1 1 1 1 1 1 1 1 1 1 1 1 1 1 1 1 1 1 1 1 1 1 1 1 1 1 1 1 1 1 1 1 1 1 1 1 1 1 1 1 1 1 1 1 1 1 1 1 1 1 1 1 1 1 1 1 1 1 1 1 1 1 1 1 1 1 1 1 1 1 1 1 1 1 1 1 1 1 1 1 1 1 1 1 1 1 1 1 1 1 1 1 1 1 1 1 1 1 1 1 1 1 1 1 1 1 1 1 1 1 1 1 1 1 1 1 1 1 1 1 1 1 1 1 1 1 1 1 1 1 1 1 1 1 1 1 1 1 1 1 1 1 1 1 1 1 1 1 1 1 1 1 1 1 1 1 1 1 1 1 1 1 1 1 1 1 1 1 1 1 1 1 1 1 1 1 1 1 1 1 1 1 1 1 1 1 1 1 1 1 1 1 1 1 1 1 1 1 1 1 1 1 1 1 1 1 1 1 1 1 1 1 1 1 1 1 1 1 1 1 1 1 1 1 1 1 1 1 1 1 1 1 1 1 1 1 1 1 1 1 1 1 1 1 1 1 1 1 1 1 1 1 1 1 1 1 1 1 1 1 1 1 1 1 1 1 1 1 1 1 1 1 1 1 1 1 1 1 1 1 1 1 1 1 1 1 1 1 1 1 1 1 1 1 1 1 1 1 1 1 1 1 1 1 1 1 1 1 1 1 1 1 1 1 1 1 1 1 1 1 1 1 1 1 1 1 1 1 1 1 1 1 1 1 1 1 1 1 1 1 1 1 1 1 1 1 1 1 1 1 1 1 1 1 1 1 1 1 1 1 1 1 1 1 1 1 1 1 1 1 1 1 1 1 1 1 1 1 1 1 1 1 1 1 1 1 1 1 1 1 1 1 1 1 1 1 1 1 1 1 1 1 1 1 1 1 1 1 1 1 1 1 1 1 1 1 1 1 1 1 1 1 1 1 1 1 1 1 1 1 1 1 1 1 1 1 1 1 1 1 1 1 1 1 1 1 1 1 1 1 1 1 1 1 1 1 1 1 1 1 1 1 1 1 1 1 1 1 1 1 1 1 1 1 1 1 1 1 1 1 1 1 1 1 1.00001 1.00001 1.00002 1 1.00002 1 1.00003 1 1.00003 0.999934 0.999987 1.00001 0.999718 1 0.999847 0.998529 0.998989 0.997744 0.994138 0.99065 0.985411 0.996377 0.977794 0.999537 0.967124 0.934859 0.887215 0.999299 0.912965 0.692271 1.00003 0.952896 0.574799 0.574382 0.8257 0.577285 0.603381 0.574327 0.574342 0.574348 0.574349 0.574349 0.857892 0.574349 0.574349 0.574349 0.574349 0.574349 0.574349 0.574349 0.574349 0.574349 0.574349 0.574349 0.574349 0.574349 0.574349 0.574349 0.574349 0.574349 0.574349 0.574349 0.574349 0.574349 0.574349 0.574349 0.574349 0.574349 0.574349 0.574349 0.574349 0.574349 0.574349 0.574349 0.574349 0.574349 0.574349 0.574349 0.574349 0.574349 0.574349 0.574349 0.574349 0.574349 0.574349 0.574349 0.574349 0.574349 0.574349 0.574349 0.574349 0.574349 0.574349 0.574349 0.574349 0.574349 0.574349 0.574349 0.574349 0.574349 0.574349 0.574349 0.574349 0.574349 0.574349 0.574349 0.574349 0.574349 0.574349 0.574349 0.574349 0.574349 0.574349 0.574349 0.574349 0.574349 0.574349 0.574349 0.574349 0.574349 0.574349 0.574349 0.574349 0.574349 0.574349 0.574349 0.574349 0.574349 0.574349 0.574349 0.574349 0.574349 0.574349 0.574349 0.574349 0.574349 0.574349 0.574349 0.574349 0.574349 0.574349 0.574349 0.574349 0.574349 0.574349 0.574349 0.574349 0.574349 0.574349 0.574349 0.574349 0.574349 0.574349 0.574349 0.574349 0.574349 0.574349 0.574349 0.574349 0.574349 0.574349 0.574349 0.574349 0.574349 0.574349 0.574349 0.574349 0.574349 0.574349 0.574349 0.574349 0.574349 0.574349 0.574349 0.574349 0.574349 0.574349 0.574349 0.574349 0.574349 0.574349 0.574349 0.574349 0.574349 0.574349 0.574349 0.574349 0.574349 0.574349 0.574349 0.574349 0.574349 0.574349 0.574349 0.574349 0.574349 0.574349 0.574349 0.574349 0.574349 0.574349 0.574349 0.574349 0.574349 0.574349 0.574349 0.574349 0.574349 0.574349 0.574349 0.574349 0.574349 0.574349 0.574349 0.574349 0.574349 0.574349 0.574349 0.574349 0.574349 0.574349 0.574356 0.574278 0.57435 0.570798 0.573844 0.486451 0.550795 0.574349 0.574349 0.574365 0.574349 
23 0.775226 0.82106 0.860995 0.89484 0.922688 0.94485 0.961815 0.974245 0.98894 0.982978 0.992891 0.995421 0.996996 0.99797 0.998598 0.999388 0.999045 0.999927 1.00004 1.00003 1.00003 1.00002 1.00001 1.00001 0.999814 1 0.999639 1 0.999993 1 1 1.00004 1.00003 1 1 1 1 1 1 1 1 1 1 1 1 1 1 1 1 1 1 1 1 1 1 1 1 1 1 1 1 1 1 1 1 1 1 1 1 1 1 1 1 1 1 1 1 1 1 1 1 1 1 1 1 1 1 1 1 1 1 1 1 1 1 1 1 1 1 1 1 1 1 1 1 1 1 1 1 1 1 1 1 1 1 1 1 1 1 1 1 1 1 1 1 1 1 1 1 1 1 1 1 1 1 1 1 1 1 1 1 1 1 1 1 1 1 1 1 1 1 1 1 1 1 1 1 1 1 1 1 1 1 1 1 1 1 1 1 1 1 1 1 1 1 1 1 1 1 1 1 1 1 1 1 1 1 1 1 1 1 1 1 1 1 1 1 1 1 1 1 1 1 1 1 1 1 1 1 1 1 1 1 1 1 1 1 1 1 1 1 1 1 1 1 1 1 1 1 1 1 1 1 1 1 1 1 1 1 1 1 1 1 1 1 1 1 1 1 1 1 1 1 1 1 1 1 1 1 1 1 1 1 1 1 1 1 1 1 1 1 1 1 1 1 1 1 1 1 1 1 1 1 1 1 1 1 1 1 1 1 1 1 1 1 1 1 1 1 1 1 1 1 1 1 1 1 1 1 1 1 1 1 1 1 1 1 1 1 1 1 1 1 1 1 1 1 1 1 1 1 1 1 1 1 1 1 1 1 1 1 1 1 1 1 1 1 1 1 1 1 1 1 1 1 1 1 1 1 1 1 1 1 1 1 1 1 1 1 1 1 1 1 1 1 1 1 1 1 1 1 1 1 1 1 1 1 1 1 1 1 1 1 1 1 1 1 1 1 1 1 1 1 1 1 1 1 1 1 1 1 1 1 1 1 1 1 1 1 1 1 1 1 1 1 1 1 1 1 1 1 1 1 1 1 1 1 1 1 1 1 1 1 1 1 1 1 1 1 1 1 1 1 1 1 1 1 1 1 1 1 1 1 1 1 1 1 1 1 1 1 1 1 1 1 1 1 1 1 1 1 1 1 1 1 1 1 1 1 1 1 1 1 1 1 1 1 1 1 1 1 1 1 1 1 1 1 1 1 1 1 1 1 1 1 1 1 1 1 1 1 1 1 1 1 1 1 1 1 1 1 1 1 1 1 1 1 1 1 1 1 1 1 1 1 1 1 1 1 1 1 1 1 1 1 1 1 1 1 1 1 1 1 1 1 1 1 1 1 1 1 1 1 1 1 1 1 1 1 1 1 1 1 1 1 1 1 1 1 1 1 1 1 1 1 1 1 1 1 1 1 1 1 1 1 1 1 1 1 1 1 1 1 1 1 1 1 1 1 1 1 1 1 1 1 1 1 1 1 1 1 1 1 1 1 1 1 1 1 1 1 1 1 1 1 1 1 1 1 1 1 1 1 1 1 1 1 1 1 1 1 1 1 1 1 1 1 1 1 1 1 1 1 1 1 1 1 1 1 1 1 1 1 1 1 1 1 1 1 1 1 1 1 1 1 1 1 1 1 1 1 1 1 1 1 1 1 1 1 1 1 1 1 1 1 1 1 1 1 1 1 1 1 1 1 1 1 1 1 1 1 1 1 1 1 1 1 1 1 1 1 1 1 1 1 1 1 1 1 1 1 1 1 1 1 1 1 1 1 1 1 1 1 1 1 1 1 1 1 1 1 1 1.00001 1.00001 1.00003 1.00002 1.00003 0.999985 1.00002 1.00002 0.999833 1.00003 0.999495 0.999235 0.9989 0.999928 0.998409 0.999692 0.997593 0.990417 0.993929 0.977533 0.952622 0.934578 0.857607 0.692322 0.603654 0.577431 0.57484 0.574385 0.985161 0.574325 0.966855 0.996196 0.886925 0.912678 0.574348 0.574349 0.574349 0.825438 0.574349 0.574349 0.574349 0.574349 0.574349 0.574349 0.574349 0.574349 0.574349 0.574349 0.574349 0.574342 0.574349 0.574349 0.574349 0.574349 0.574349 0.574349 0.574349 0.574349 0.574349 0.574349 0.574349 0.574349 0.574349 0.574349 0.574349 0.574349 0.574349 0.574349 0.574349 0.574349 0.574349 0.574349 0.574349 0.574349 0.574349 0.574349 0.574349 0.574349 0.574349 0.574349 0.574349 0.574349 0.574349 0.574349 0.574349 0.574349 0.574349 0.574349 0.574349 0.574349 0.574349 0.574349 0.574349 0.574349 0.574349 0.574349 0.574349 0.574349 0.574349 0.574349 0.574349 0.574349 0.574349 0.574349 0.574349 0.574349 0.574349 0.574349 0.574349 0.574349 0.574349 0.574349 0.574349 0.574349 0.574349 0.574349 0.574349 0.574349 0.574349 0.574349 0.574349 0.574349 0.574349 0.574349 0.574349 0.574349 0.574349 0.574349 0.574349 0.574349 0.574349 0.574349 0.574349 0.574349 0.574349 0.574349 0.574349 0.574349 0.574349 0.574349 0.574349 0.574349 0.574349 0.574349 0.574349 0.574349 0.574349 0.574349 0.574349 0.574349 0.574349 0.574349 0.574349 0.574349 0.574349 0.574349 0.574349 0.574349 0.574349 0.574349 0.574349 0.574349 0.574349 0.574349 0.574349 0.574349 0.574349 0.574349 0.574349 0.574349 0.574349 0.574349 0.574349 0.574349 0.574349 0.574349 0.574349 0.574349 0.574349 0.574349 0.574349 0.574349 0.574349 0.574349 0.574349 0.574349 0.574349 0.574349 0.574349 0.574349 0.574349 0.574349 0.574349 0.574349 0.574349 0.574349 0.574349 0.574349 0.574349 0.574349 0.574349 0.574349 0.574349 0.574349 0.574349 0.574349 0.574349 0.574349 0.574349 0.574349 0.574349 0.574349 0.574349 0.574349 0.574349 0.574349 0.574349 0.574349 0.574349 0.574366 0.574349 0.574271 0.570694 0.57435 0.574357 0.573798 0.486279 0.55067 
24 0.774599 0.820493 0.860488 0.894383 0.922266 0.944452 0.96143 0.973871 0.98262 0.988609 0.992594 0.995168 0.997808 0.996789 0.998479 0.998963 0.999335 0.999608 1.00004 1.00003 1.00003 1.00002 1.00001 1.00001 1 1.00001 1 1 0.99992 1 1 0.999992 1 1 1 1 1.00004 1 1 1 1 1 1 1.00004 1 1 1 1 1 1 1 1 1 0.999797 1 1 1 1 1 1 1 1 1 1 1 1 1 1 1 1 1 1 1 1 1 1 1 1 1 1 1 1 1 1 1 1 1 1 1 1 1 1 1 1 1 1 1 1 1 1 1 1 1 1 1 1 1 1 1 1 1 1 1 1 1 1 1 1 1 1 1 1 1 1 1 1 1 1 1 1 1 1 1 1 1 1 1 1 1 1 1 1 1 1 1 1 1 1 1 1 1 1 1 1 1 1 1 1 1 1 1 1 1 1 1 1 1 1 1 1 1 1 1 1 1 1 1 1 1 1 1 1 1 1 1 1 1 1 1 1 1 1 1 1 1 1 1 1 1 1 1 1 1 1 1 1 1 1 1 1 1 1 1 1 1 1 1 1 1 1 1 1 1 1 1 1 1 1 1 1 1 1 1 1 1 1 1 1 1 1 1 1 1 1 1 1 1 1 1 1 1 1 1 1 1 1 1 1 1 1 1 1 1 1 1 1 1 1 1 1 1 1 1 1 1 1 1 1 1 1 1 1 1 1 1 1 1 1 1 1 1 1 1 1 1 1 1 1 1 1 1 1 1 1 1 1 1 1 1 1 1 1 1 1 1 1 1 1 1 1 1 1 1 1 1 1 1 1 1 1 1 1 1 1 1 1 1 1 1 1 1 1 1 1 1 1 1 1 1 1 1 1 1 1 1 1 1 1 1 1 1 1 1 1 1 1 1 1 1 1 1 1 1 1 1 1 1 1 1 1 1 1 1 1 1 1 1 1 1 1 1 1 1 1 1 1 1 1 1 1 1 1 1 1 1 1 1 1 1 1 1 1 1 1 1 1 1 1 1 1 1 1 1 1 1 1 1 1 1 1 1 1 1 1 1 1 1 1 1 1 1 1 1 1 1 1 1 1 1 1 1 1 1 1 1 1 1 1 1 1 1 1 1 1 1 1 1 1 1 1 1 1 1 1 1 1 1 1 1 1 1 1 1 1 1 1 1 1 1 1 1 1 1 1 1 1 1 1 1 1 1 1 1 1 1 1 1 1 1 1 1 1 1 1 1 1 1 1 1 1 1 1 1 1 1 1 1 1 1 1 1 1 1 1 1 1 1 1 1 1 1 1 1 1 1 1 1 1 1 1 1 1 1 1 1 1 1 1 1 1 1 1 1 1 1 1 1 1 1 1 1 1 1 1 1 1 1 1 1 1 1 1 1 1 1 1 1 1 1 1 1 1 1 1 1 1 1 1 1 1 1 1 1 1 1 1 1 1 1 1 1 1 1 1 1 1 1 1 1 1 1 1 1 1 1 1 1 1 1 1 1 1 1 1 1 1 1 1 1 1 1 1 1 1 1 1 1 1 1 1 1 1 1 1 1 1 1 1 1 1 1 1 1 1 1 1 1 1 1 1 1 1 1 1 1 1 1 1 1 1 1 1 1 1 1 1 1 1 1 1 1 1 1 1 1 1 1 1 1 1 1 1 1 1 1 1 1 1 1 1 1 1 1 1 1 1 1 1 1 1 1 1 1 1 1 1 1 1 1 1 1 1 1 1 1 1 1 1 1 1 1 1 1 1 1 1 1 1 1 1 1 1 1 1 1 1 1 1 1 1 1 1 1 1 1 1 1 1.00001 1.00001 1 1.00002 1.00002 1 1 1.00002 1.00003 1.00003 1.00003 1 0.999921 0.999984 0.999666 0.999819 0.998806 0.996007 0.998285 0.999452 0.997436 0.999169 0.99371 0.9849 0.990174 0.966576 0.977261 0.952336 0.825165 0.692375 0.577583 0.934286 0.574883 0.603938 0.574388 1 0.574341 0.574348 0.574349 0.886623 0.574349 0.574349 0.85731 0.574323 0.574349 0.574349 0.574349 0.574349 0.574349 0.574349 0.574349 0.574349 0.574349 0.574349 0.574349 0.574349 0.574349 0.91238 0.574349 0.574349 0.574349 0.574349 0.574349 0.574349 0.574349 0.574349 0.574349 0.574349 0.574349 0.574349 0.574349 0.574349 0.574349 0.574349 0.574349 0.574349 0.574349 0.574349 0.574349 0.574349 0.574349 0.574349 0.574349 0.574349 0.574349 0.574349 0.574349 0.574349 0.574349 0.574349 0.574349 0.574349 0.574349 0.574349 0.574349 0.574349 0.574349 0.574349 0.574349 0.574349 0.574349 0.574349 0.574349 0.574349 0.574349 0.574349 0.574349 0.574349 0.574349 0.574349 0.574349 0.574349 0.574349 0.574349 0.574349 0.574349 0.574349 0.574349 0.574349 0.574349 0.574349 0.574349 0.574349 0.574349 0.574349 0.574349 0.574349 0.574349 0.574349 0.574349 0.574349 0.574349 0.574349 0.574349 0.574349 0.574349 0.574349 0.574349 0.574349 0.574349 0.574349 0.574349 0.574349 0.574349 0.574349 0.574349 0.574349 0.574349 0.574349 0.574349 0.574349 0.574349 0.574349 0.574349 0.574349 0.574349 0.574349 0.574349 0.574349 0.574349 0.574349 0.574349 0.574349 0.574349 0.574349 0.574349 0.574349 0.574349 0.574349 0.574349 0.574349 0.574349 0.574349 0.574349 0.574349 0.574349 0.574349 0.574349 0.574349 0.574349 0.574349 0.574349 0.574349 0.574349 0.574349 0.574349 0.574349 0.574349 0.574349 0.574349 0.574349 0.574349 0.574349 0.574349 0.574349 0.574349 0.574349 0.574349 0.574349 0.574349 0.574349 0.574349 0.574349 0.574349 0.574349 0.574349 0.574349 0.574349 0.574349 0.574349 0.574349 0.574349 0.574349 0.574349 0.574349 0.574349 0.574349 0.574349 0.574349 0.574349 0.574349 0.574349 0.574349 0.57435 0.574357 0.574367 0.574349 0.57375 0.486099 0.550539 0.574265 0.570585 0.574349 
25 0.773947 0.819903 0.85996 0.893907 0.921828 0.944037 0.96103 0.973481 0.982248 0.988264 0.992286 0.994904 0.996573 0.99764 0.998878 0.99978 0.999575 0.999991 1.00005 1.00005 1.00004 0.998355 1.00003 0.999279 1.00001 1.00001 1 1 1.00003 1 1 1 1.00002 1 1.00001 1 1 1 1 1 1 1 1 0.999913 1 1 1 1 1 1 1 1 1 1 1 1 1 1 1 1 1 1 1 1 1 1 1 1 1 1 1 1 1 1 1 1 1 1 1 1 1 1 1 1 1 1 1 1 1 1 1 1 1 1 1 1 1 1 1 1 1 1 1 1 1 1 1 1 1 1 1 1 1 1 1 1 1 1 1 1 1 1 1 1 1 1 1 1 1 1 1 1 1 1 1 1 1 1 1 1 1 1 1 1 1 1 1 1 1 1 1 1 1 1 1 1 1 1 1 1 1 1 1 1 1 1 1 1 1 1 1 1 1 1 1 1 1 1 1 1 1 1 1 1 1 1 1 1 1 1 1 1 1 1 1 1 1 1 1 1 1 1 1 1 1 1 1 1 1 1 1 1 1 1 1 1 1 1 1 1 1 1 1 1 1 1 1 1 1 1 1 1 1 1 1 1 1 1 1 1 1 1 1 1 1 1 1 1 1 1 1 1 1 1 1 1 1 1 1 1 1 1 1 1 1 1 1 1 1 1 1 1 1 1 1 1 1 1 1 1 1 1 1 1 1 1 1 1 1 1 1 1 1 1 1 1 1 1 1 1 1 1 1 1 1 1 1 1 1 1 1 1 1 1 1 1 1 1 1 1 1 1 1 1 1 1 1 1 1 1 1 1 1 1 1 1 1 1 1 1 1 1 1 1 1 1 1 1 1 1 1 1 1 1 1 1 1 1 1 1 1 1 1 1 1 1 1 1 1 1 1 1 1 1 1 1 1 1 1 1 1 1 1 1 1 1 1 1 1 1 1 1 1 1 1 1 1 1 1 1 1 1 1 1 1 1 1 1 1 1 1 1 1 1 1 1 1 1 1 1 1 1 1 1 1 1 1 1 1 1 1 1 1 1 1 1 1 1 1 1 1 1 1 1 1 1 1 1 1 1 1 1 1 1 1 1 1 1 1 1 1 1 1 1 1 1 1 1 1 1 1 1 1 1 1 1 1 1 1 1 1 1 1 1 1 1 1 1 1 1 1 1 1 1 1 1 1 1 1 1 1 1 1 1 1 1 1 1 1 1 1 1 1 1 1 1 1 1 1 1 1 1 1 1 1 1 1 1 1 1 1 1 1 1 1 1 1 1 1 1 1 1 1 1 1 1 1 1 1 1 1 1 1 1 1 1 1 1 1 1 1 1 1 1 1 1 1 1 1 1 1 1 1 1 1 1 1 1 1 1 1 1 1 1 1 1 1 1 1 1 1 1 1 1 1 1 1 1 1 1 1 1 1 1 1 1 1 1 1 1 1 1 1 1 1 1 1 1 1 1 1 1 1 1 1 1 1 1 1 1 1 1 1 1 1 1 1 1 1 1 1 1 1 1 1 1 1 1 1 1 1 1 1 1 1 1 1 1 1 1 1 1 1 1 1 1 1 1 1 1 1 1 1 1 1 1 1 1 1 1 1 1 1 1 1 1 1 1 1 1 1 1 1 1 1 1 1 1 1 1 1 1 1 1 1 1 1 1 1 1 1 1 1 1 1 1 1 1 1 1 1 1 1 1 1 1 1 1 1 1 1 1 1 1 1 1 1 1 1 1 1 1 1 1 1 1 1 1 1 1 1 1 1 1 1 1 1 1 1 1 1 1 1 1 1 1 1 1 1 1.00001 1.00001 1 1.00001 1.00002 1.00003 1.00004 1.00003 0.999914 1.00003 0.999803 1.00002 0.999982 0.9991 0.999406 0.999638 0.998709 0.998155 0.993483 0.99581 0.989921 0.976977 0.952038 0.933981 0.984629 0.886309 0.966285 0.824881 0.912069 0.857001 0.577742 0.604234 0.574928 0.692431 0.57432 0.574392 0.574349 0.574341 1 0.574348 0.574349 0.997273 0.574349 0.574349 0.574349 0.574349 0.574349 0.574349 0.574349 0.574349 0.574349 0.574349 0.574349 0.574349 0.574349 0.574349 0.574349 0.574349 0.574349 0.574349 0.574349 0.574349 0.574349 0.574349 0.574349 0.574349 0.574349 0.574349 0.574349 0.574349 0.574349 0.574349 0.574349 0.574349 0.574349 0.574349 0.574349 0.574349 0.574349 0.574349 0.574349 0.574349 0.574349 0.574349 0.574349 0.574349 0.574349 0.574349 0.574349 0.574349 0.574349 0.574349 0.574349 0.574349 0.574349 0.574349 0.574349 0.574349 0.574349 0.574349 0.574349 0.574349 0.574349 0.574349 0.574349 0.574349 0.574349 0.574349 0.574349 0.574349 0.574349 0.574349 0.574349 0.574349 0.574349 0.574349 0.574349 0.574349 0.574349 0.574349 0.574349 0.574349 0.574349 0.574349 0.574349 0.574349 0.574349 0.574349 0.574349 0.574349 0.574349 0.574349 0.574349 0.574349 0.574349 0.574349 0.574349 0.574349 0.574349 0.574349 0.574349 0.574349 0.574349 0.574349 0.574349 0.574349 0.574349 0.574349 0.574349 0.574349 0.574349 0.574349 0.574349 0.574349 0.574349 0.574349 0.574349 0.574349 0.574349 0.574349 0.574349 0.574349 0.574349 0.574349 0.574349 0.574349 0.574349 0.574349 0.574349 0.574349 0.574349 0.574349 0.574349 0.574349 0.574349 0.574349 0.574349 0.574349 0.574349 0.574349 0.574349 0.574349 0.574349 0.574349 0.574349 0.574349 0.574349 0.574349 0.574349 0.574349 0.574349 0.574349 0.574349 0.574349 0.574349 0.574349 0.574349 0.574349 0.574349 0.574349 0.574349 0.574349 0.574349 0.574349 0.574349 0.574349 0.574349 0.574349 0.574349 0.574349 0.574349 0.574349 0.574349 0.574349 0.57435 0.574358 0.574369 0.574258 0.573701 0.574349 0.570472 0.485912 0.550404 0.574349 0.574349 0.574349 0.574349 0.574349 0.574349 0.574349 0.574349 
26 0.773269 0.81929 0.859412 0.893412 0.921372 0.943606 0.960613 0.973077 0.981861 0.987905 0.991966 0.99463 0.996348 0.997465 0.998226 0.999222 0.999762 0.999906 0.99999 0.999541 1.00005 1.00003 1.00005 1.00004 0.998789 1.00002 1.00003 1.00001 1 1.00002 1 1 1 1 1 1.00001 1 1 1 1 1 1 1 1 1 1 1 1 1 1 1 1 1 1 1 1 1 1 1 1 1 1 1 1 1 1 1 1 1 1 1 1 1 1 1 1 1 1 1 1 1 1 1 1 1 1 1 1 1 1 1 1 1 1 1 1 1 1 1 1 1 1 1 1 1 1 1 1 1 1 1 1 1 1 1 1 1 1 1 1 1 1 1 1 1 1 1 1 1 1 1 1 1 1 1 1 1 1 1 1 1 1 1 1 1 1 1 1 1 1 1 1 1 1 1 1 1 1 1 1 1 1 1 1 1 1 1 1 1 1 1 1 1 1 1 1 1 1 1 1 1 1 1 1 1 1 1 1 1 1 1 1 1 1 1 1 1 1 1 1 1 1 1 1 1 1 1 1 1 1 1 1 1 1 1 1 1 1 1 1 1 1 1 1 1 1 1 1 1 1 1 1 1 1 1 1 1 1 1 1 1 1 1 1 1 1 1 1 1 1 1 1 1 1 1 1 1 1 1 1 1 1 1 1 1 1 1 1 1 1 1 1 1 1 1 1 1 1 1 1 1 1 1 1 1 1 1 1 1 1 1 1 1 1 1 1 1 1 1 1 1 1 1 1 1 1 1 1 1 1 1 1 1 1 1 1 1 1 1 1 1 1 1 1 1 1 1 1 1 1 1 1 1 1 1 1 1 1 1 1 1 1 1 1 1 1 1 1 1 1 1 1 1 1 1 1 1 1 1 1 1 1 1 1 1 1 1 1 1 1 1 1 1 1 1 1 1 1 1 1 1 1 1 1 1 1 1 1 1 1 1 1 1 1 1 1 1 1 1 1 1 1 1 1 1 1 1 1 1 1 1 1 1 1 1 1 1 1 1 1 1 1 1 1 1 1 1 1 1 1 1 1 1 1 1 1 1 1 1 1 1 1 1 1 1 1 1 1 1 1 1 1 1 1 1 1 1 1 1 1 1 1 1 1 1 1 1 1 1 1 1 1 1 1 1 1 1 1 1 1 1 1 1 1 1 1 1 1 1 1 1 1 1 1 1 1 1 1 1 1 1 1 1 1 1 1 1 1 1 1 1 1 1 1 1 1 1 1 1 1 1 1 1 1 1 1 1 1 1 1 1 1 1 1 1 1 1 1 1 1 1 1 1 1 1 1 1 1 1 1 1 1 1 1 1 1 1 1 1 1 1 1 1 1 1 1 1 1 1 1 1 1 1 1 1 1 1 1 1 1 1 1 1 1 1 1 1 1 1 1 1 1 1 1 1 1 1 1 1 1 1 1 1 1 1 1 1 1 1 1 1 1 1 1 1 1 1 1 1 1 1 1 1 1 1 1 1 1 1 1 1 1 1 1 1 1 1 1 1 1 1 1 1 1 1 1 1 1 1 1 1 1 1 1 1 1 1 1 1 1 1 1 1 1 1 1 1 1 1 1 1 1 1 1 1 1 1 1 1 1 1 1 1 1 1 1 1 1 1 1 1 1 1 1 1 1 1 1 1 1 1 1 1 1 1 1 1 1 1 1 1 1 1 1 1 1 1 1 1 1 1 1 1 1 1 1 1 1 1 1 1 1 1 1 1 1 1 1 1 1 1 1 1 1 1 1 1 1 1 1 1 1 1 1 1 1 1 1 1 1 1 1 1 1 1 1 1 1 1 1 1.00001 1 1.00001 1.00002 1.00004 1.00001 1.00003 1.00002 1.00003 0.99998 0.999788 0.999609 0.999907 0.999029 1.00004 0.999359 0.993247 0.995606 0.989658 0.976683 0.984347 0.965983 0.951728 0.997103 0.885982 0.911745 0.933664 0.692489 0.824586 0.85668 0.604542 0.577907 0.574975 0.574395 0.57434 0.574318 0.574349 0.574349 0.574349 0.998021 0.574349 0.574348 0.574349 0.574349 0.574349 0.998608 0.574349 0.574349 0.574349 0.574349 0.574349 0.574349 0.574349 0.574349 0.574349 0.574349 0.574349 0.574349 0.574349 0.574349 0.574349 0.574349 0.574349 0.574349 0.574349 0.574349 0.574349 0.574349 0.574349 0.574349 0.574349 0.574349 0.574349 0.574349 0.574349 0.574349 0.574349 0.574349 0.574349 0.574349 0.574349 0.574349 0.574349 0.574349 0.574349 0.574349 0.574349 0.574349 0.574349 0.574349 0.574349 0.574349 0.574349 0.574349 0.574349 0.574349 0.574349 0.574349 0.574349 0.574349 0.574349 0.574349 0.574349 0.574349 0.574349 0.574349 0.574349 0.574349 0.574349 0.574349 0.574349 0.574349 0.574349 0.574349 0.574349 0.574349 0.574349 0.574349 0.574349 0.574349 0.574349 0.574349 0.574349 0.574349 0.574349 0.574349 0.574349 0.574349 0.574349 0.574349 0.574349 0.574349 0.574349 0.574349 0.574349 0.574349 0.574349 0.574349 0.574349 0.574349 0.574349 0.574349 0.574349 0.574349 0.574349 0.574349 0.574349 0.574349 0.574349 0.574349 0.574349 0.574349 0.574349 0.574349 0.574349 0.574349 0.574349 0.574349 0.574349 0.574349 0.574349 0.574349 0.574349 0.574349 0.574349 0.574349 0.574349 0.574349 0.574349 0.574349 0.574349 0.574349 0.574349 0.574349 0.574349 0.574349 0.574349 0.574349 0.574349 0.574349 0.574349 0.574349 0.574349 0.574349 0.574349 0.574349 0.574349 0.574349 0.574349 0.574349 0.574349 0.574349 0.574349 0.574349 0.574349 0.574349 0.574349 0.574349 0.574349 0.574349 0.574349 0.574349 0.574349 0.574349 0.574349 0.574349 0.574349 0.574349 0.574349 0.574349 0.574349 0.574349 0.574349 0.574349 0.574349 0.574349 0.574349 0.574349 0.57435 0.57437 0.57425 0.573649 0.570355 0.574359 0.574349 0.550263 0.485717 0.574349 0.574349 0.574349 
27 0.772567 0.818655 0.858843 0.892899 0.9209 0.943159 0.960181 0.972657 0.98146 0.987534 0.991635 0.994346 0.996116 0.997284 0.998093 0.998697 0.999506 0.999989 0.999744 1.00003 0.999163 1.00005 1.00005 1.00002 1.00001 1 1.00003 1 1.00001 1 1 1 0.999898 1 1 1 1 1 1.00002 1 1 1 1 1 1 1 1 1 1 1 1 1 1 1 1 1 1 1 1 1 1 1 1 1 1 1 1 1 1 1 1 1 1 1 1 1 1 1 1 1 1 1 1 1 1.00005 1 1 1 1 1 1 1 1 1 1 1 1 1 1 1 1 1 1 1 1 1 1 1 1 1 1 1 1 1 1 1 1 1 1 1 1 1 1 1 1 1 1 1 1 1 1 1 1 1 1 1 1 1 1 1 1 1 1 1 1 1 1 1 1 1 1 1 1 1 1 1 1 1 1 1 1 1 1 1 1 1 1 1 1 1 1 1 1 1 1 1 1 1 1 1 1 1 1 1 1 1 1 1 1 1 1 1 1 1 1 1 1 1 1 1 1 1 1 1 1 1 1 1 1 1 1 1 1 1 1 1 1 1 1 1 1 1 1 1 1 1 1 1 1 1 1 1 1 1 1 1 1 1 1 1 1 1 1 1 1 1 1 1 1 1 1 1 1 1 1 1 1 1 1 1 1 1 1 1 1 1 1 1 1 1 1 1 1 1 1 1 1 1 1 1 1 1 1 1 1 1 1 1 1 1 1 1 1 1 1 1 1 1 1 1 1 1 1 1 1 1 1 1 1 1 1 1 1 1 1 1 1 1 1 1 1 1 1 1 1 1 1 1 1 1 1 1 1 1 1 1 1 1 1 1 1 1 1 1 1 1 1 1 1 1 1 1 1 1 1 1 1 1 1 1 1 1 1 1 1 1 1 1 1 1 1 1 1 1 1 1 1 1 1 1 1 1 1 1 1 1 1 1 1 1 1 1 1 1 1 1 1 1 1 1 1 1 1 1 1 1 1 1 1 1 1 1 1 1 1 1 1 1 1 1 1 1 1 1 1 1 1 1 1 1 1 1 1 1 1 1 1 1 1 1 1 1 1 1 1 1 1 1 1 1 1 1 1 1 1 1 1 1 1 1 1 1 1 1 1 1 1 1 1 1 1 1 1 1 1 1 1 1 1 1 1 1 1 1 1 1 1 1 1 1 1 1 1 1 1 1 1 1 1 1 1 1 1 1 1 1 1 1 1 1 1 1 1 1 1 1 1 1 1 1 1 1 1 1 1 1 1 1 1 1 1 1 1 1 1 1 1 1 1 1 1 1 1 1 1 1 1 1 1 1 1 1 1 1 1 1 1 1 1 1 1 1 1 1 1 1 1 1 1 1 1 1 1 1 1 1 1 1 1 1 1 1 1 1 1 1 1 1 1 1 1 1 1 1 1 1 1 1 1 1 1 1 1 1 1 1 1 1 1 1 1 1 1 1 1 1 1 1 1 1 1 1 1 1 1 1 1 1 1 1 1 1 1 1 1 1 1 1 1 1 1 1 1 1 1 1 1 1 1 1 1 1 1 1 1 1 1 1 1 1 1 1 1 1 1 1 1 1 1 1 1 1 1 1 1 1 1 1 1 1 1 1 1 1 1 1 1 1 1 1 1 1 1 1 1 1 1 1 1 1 1 1 1 1 1 1 1 1 1 1 1 1 1 1 1 1 1 1 1 1 1 1 1 1 1 1 1 1 1 1 1 1 1 1 1 1 1 1 1 1 1 1 1 1 1 1 1 1 1 1 1 1 1 1 1 1 1 1 1 1 1 1 1 1 1 1 1 1 1 1 1 1.00001 1.00002 1.00003 1.00004 1.00001 1.00001 1.00004 1.00004 1.00002 0.9999 0.999978 0.999771 0.99931 0.999579 0.998955 0.995394 0.984054 0.996927 0.989386 0.993002 0.976377 0.997881 0.933335 0.965669 0.91141 0.951407 0.692549 0.824281 0.885643 0.575024 0.574339 0.604862 0.574399 0.578079 0.574348 0.574349 0.574349 0.574349 0.998503 0.574349 0.574316 0.574349 0.574349 0.856348 0.574349 0.574349 0.574349 0.574349 0.574349 0.574349 0.574349 0.574349 0.574349 0.574349 0.574349 0.574349 0.574349 0.574349 0.574349 0.574349 0.574349 0.574349 0.574349 0.574349 0.574349 0.574349 0.574349 0.574349 0.574349 0.574349 0.574349 0.574349 0.574349 0.574349 0.574349 0.574349 0.574349 0.574349 0.574349 0.574349 0.574349 0.574349 0.574349 0.574349 0.574349 0.574349 0.574349 0.574349 0.574349 0.574349 0.574349 0.574349 0.574349 0.574349 0.574349 0.574349 0.574349 0.574349 0.574349 0.574349 0.574349 0.574349 0.574349 0.574349 0.574349 0.574349 0.574349 0.574349 0.574349 0.574349 0.574349 0.574349 0.574349 0.574349 0.574349 0.574349 0.574349 0.574349 0.574349 0.574349 0.574349 0.574349 0.574349 0.574349 0.574349 0.574349 0.574349 0.574349 0.574349 0.574349 0.574349 0.574349 0.574349 0.574349 0.574349 0.574349 0.574349 0.574349 0.574349 0.574349 0.574349 0.574349 0.574349 0.574349 0.574349 0.574349 0.574349 0.574349 0.574349 0.574349 0.574349 0.574349 0.574349 0.574349 0.574349 0.574349 0.574349 0.574349 0.574349 0.574349 0.574349 0.574349 0.574349 0.574349 0.574349 0.574349 0.574349 0.574349 0.574349 0.574349 0.574349 0.574349 0.574349 0.574349 0.574349 0.574349 0.574349 0.574349 0.574349 0.574349 0.574349 0.574349 0.574349 0.574349 0.574349 0.574349 0.574349 0.574349 0.574349 0.574349 0.574349 0.574349 0.574349 0.574349 0.574349 0.574349 0.574349 0.574349 0.574349 0.574349 0.574349 0.574349 0.574349 0.574349 0.574349 0.574349 0.574349 0.574349 0.574349 0.574349 0.574349 0.574349 0.574349 0.574349 0.574349 0.574349 0.574349 0.57435 0.574349 0.574359 0.574349 0.574349 0.574372 0.574349 0.573596 0.550116 0.570233 0.574242 0.485515 
28 0.77184 0.817997 0.858255 0.892368 0.92041 0.942695 0.959733 0.972222 0.981044 0.987149 0.991291 0.994052 0.995875 0.999101 0.997955 0.998602 0.999987 0.999469 0.997097 0.999724 0.99989 1.00006 1.00005 1.00006 1.00002 1.00004 1 1.00001 1.00001 1 1.00003 1 1 1 1 1 1 1 1 1 1 1 1 1 1 1 1 1 1 1 1 1 1 1 1 1.00004 1 1 1 1 1 1 1 1 1 1 1 1 1 1 1 1 1 1 1 1 1 1 1 1 1 1 1 1 1 1 1 1 1 1 1 1 1 1 1 1 1 1 1 1 1 1 1 1 1 1 1 1 1 1 1 1 1 1 1 1 1 1 1 1 1 1 1 1 1 1 1 1 1 1 1 1 1 1 1 1 1 1 1 1 1 1 1 1 1 1 1 1 1 1 1 1 1 1 1 1 1 1 1 1 1 1 1 1 1 1 1 1 1 1 1 1 1 1 1 1 1 1 1 1 1 1 1 1 1 1 1 1 1 1 1 1 1 1 1 1 1 1 1 1 1 1 1 1 1 1 1 1 1 1 1 1 1 1 1 1 1 1 1 1 1 1 1 1 1 1 1 1 1 1 1 1 1 1 1 1 1 1 1 1 1 1 1 1 1 1 1 1 1 1 1 1 1 1 1 1 1 1 1 1 1 1 1 1 1 1 1 1 1 1 1 1 1 1 1 1 1 1 1 1 1 1 1 1 1 1 1 1 1 1 1 1 1 1 1 1 1 1 1 1 1 1 1 1 1 1 1 1 1 1 1 1 1 1 1 1 1 1 1 1 1 1 1 1 1 1 1 1 1 1 1 1 1 1 1 1 1 1 1 1 1 1 1 1 1 1 1 1 1 1 1 1 1 1 1 1 1 1 1 1 1 1 1 1 1 1 1 1 1 1 1 1 1 1 1 1 1 1 1 1 1 1 1 1 1 1 1 1 1 1 1 1 1 1 1 1 1 1 1 1 1 1 1 1 1 1 1 1 1 1 1 1 1 1 1 1 1 1 1 1 1 1 1 1 1 1 1 1 1 1 1 1 1 1 1 1 1 1 1 1 1 1 1 1 1 1 1 1 1 1 1 1 1 1 1 1 1 1 1 1 1 1 1 1 1 1 1 1 1 1 1 1 1 1 1 1 1 1 1 1 1 1 1 1 1 1 1 1 1 1 1 1 1 1 1 1 1 1 1 1 1 1 1 1 1 1 1 1 1 1 1 1 1 1 1 1 1 1 1 1 1 1 1 1 1 1 1 1 1 1 1 1 1 1 1 1 1 1 1 1 1 1 1 1 1 1 1 1 1 1 1 1 1 1 1 1 1 1 1 1 1 1 1 1 1 1 1 1 1 1 1 1 1 1 1 1 1 1 1 1 1 1 1 1 1 1 1 1 1 1 1 1 1 1 1 1 1 1 1 1 1 1 1 1 1 1 1 1 1 1 1 1 1 1 1 1 1 1 1 1 1 1 1 1 1 1 1 1 1 1 1 1 1 1 1 1 1 1 1 1 1 1 1 1 1 1 1 1 1 1 1 1 1 1 1 1 1 1 1 1 1 1 1 1 1 1 1 1 1 1 1 1 1 1 1 1 1 1 1 1 1 1 1 1 1 1 1 1 1 1 1 1 1 1 1 1 1 1 1 1 1 1 1 1 1 1 1 1 1 1 1 1 1 1 1 1 1 1 1 1 1 1 1 1 1 1 1 1 1 1 1 1 1 1 1 1 1 1 1 1 1 1 1 1 1 1 1 1 1 1 1 1 1 1 1 1 1 1 1 1 1 1 1 1 1 1 1 1 1.00001 1 1 1 1.00001 1.00004 1.00002 1.00002 1.00004 1.00003 0.999892 0.999754 0.999547 0.999259 1.00004 0.999976 1.00002 0.997737 0.998878 0.995175 0.998394 0.965343 0.951074 0.932995 0.996745 0.911063 0.885292 0.989104 0.98375 0.992748 0.976061 0.823965 0.856003 0.575074 0.692612 0.578257 0.605194 0.574403 0.574348 0.574349 0.574314 0.574349 0.574338 0.574349 0.574349 0.574349 0.574349 0.574349 0.574349 0.574349 0.574349 0.574349 0.574349 0.574349 0.574349 0.574349 0.574349 0.574349 0.574349 0.574349 0.574349 0.574349 0.574349 0.574349 0.574349 0.574349 0.574349 0.574349 0.574349 0.574349 0.574349 0.574349 0.574349 0.574349 0.574349 0.574349 0.574349 0.574349 0.574349 0.574349 0.574349 0.574349 0.574349 0.574349 0.574349 0.574349 0.574349 0.574349 0.574349 0.574349 0.574349 0.574349 0.574349 0.574349 0.574349 0.574349 0.574349 0.574349 0.574349 0.574349 0.574349 0.574349 0.574349 0.574349 0.574349 0.574349 0.574349 0.574349 0.574349 0.574349 0.574349 0.574349 0.574349 0.574349 0.574349 0.574349 0.574349 0.574349 0.574349 0.574349 0.574349 0.574349 0.574349 0.574349 0.574349 0.574349 0.574349 0.574349 0.574349 0.574349 0.574349 0.574349 0.574349 0.574349 0.574349 0.574349 0.574349 0.574349 0.574349 0.574349 0.574349 0.574349 0.574349 0.574349 0.574349 0.574349 0.574349 0.574349 0.574349 0.574349 0.574349 0.574349 0.574349 0.574349 0.574349 0.574349 0.574349 0.574349 0.574349 0.574349 0.574349 0.574349 0.574349 0.574349 0.574349 0.574349 0.574349 0.574349 0.574349 0.574349 0.574349 0.574349 0.574349 0.574349 0.574349 0.574349 0.574349 0.574349 0.574349 0.574349 0.574349 0.574349 0.574349 0.574349 0.574349 0.574349 0.574349 0.574349 0.574349 0.574349 0.574349 0.574349 0.574349 0.574349 0.574349 0.574349 0.574349 0.574349 0.574349 0.574349 0.574349 0.574349 0.574349 0.574349 0.574349 0.574349 0.574349 0.574349 0.574349 0.574349 0.574349 0.574349 0.574349 0.574349 0.574349 0.574349 0.574349 0.574349 0.574349 0.57435 0.57436 0.574373 0.574234 0.573541 0.574349 0.574349 0.574349 0.485306 0.549964 0.574349 0.574349 0.570107 
29 0.771088 0.817317 0.857646 0.891818 0.919903 0.942215 0.95927 0.971772 0.980614 0.986751 0.990936 0.993748 0.995626 0.996903 0.997813 0.999038 0.999431 1.00004 1.00006 1.00005 0.998503 1.00001 1.00004 1.00002 1.00003 0.999704 1 0.999986 1 1 0.999881 1.00006 1 1 1 1 1 1 1 1 1 1 1 1 1 1 1 1 1 1 1 1 1 1 1.00001 1 1 1 1 1 1 1 1 1 1 1 1 1 1 1 1 1 1 1 1 1 1 1 1 1 1 1 1 1 1 1 1 1 1 1 1 1 1 1 1 1 1 1 1 1 1 1 1 1 1 1 1 1 1 1 1 1 1 1 1 1 1 1 1 1 1 1 1 1 1 1 1 1 1 1 1 1 1 1 1 1 1 1 1 1 1 1 1 1 1 1 1 1 1 1 1 1 1 1 1 1 1 1 1 1 1 1 1 1 1 1 1 1 1 1 1 1 1 1 1 1 1 1 1 1 1 1 1 1 1 1 1 1 1 1 1 1 1 1 1 1 1 1 1 1 1 1 1 1 1 1 1 1 1 1 1 1 1 1 1 1 1 1 1 1 1 1 1 1 1 1 1 1 1 1 1 1 1 1 1 1 1 1 1 1 1 1 1 1 1 1 1 1 1 1 1 1 1 1 1 1 1 1 1 1 1 1 1 1 1 1 1 1 1 1 1 1 1 1 1 1 1 1 1 1 1 1 1 1 1 1 1 1 1 1 1 1 1 1 1 1 1 1 1 1 1 1 1 1 1 1 1 1 1 1 1 1 1 1 1 1 1 1 1 1 1 1 1 1 1 1 1 1 1 1 1 1 1 1 1 1 1 1 1 1 1 1 1 1 1 1 1 1 1 1 1 1 1 1 1 1 1 1 1 1 1 1 1 1 1 1 1 1 1 1 1 1 1 1 1 1 1 1 1 1 1 1 1 1 1 1 1 1 1 1 1 1 1 1 1 1 1 1 1 1 1 1 1 1 1 1 1 1 1 1 1 1 1 1 1 1 1 1 1 1 1 1 1 1 1 1 1 1 1 1 1 1 1 1 1 1 1 1 1 1 1 1 1 1 1 1 1 1 1 1 1 1 1 1 1 1 1 1 1 1 1 1 1 1 1 1 1 1 1 1 1 1 1 1 1 1 1 1 1 1 1 1 1 1 1 1 1 1 1 1 1 1 1 1 1 1 1 1 1 1 1 1 1 1 1 1 1 1 1 1 1 1 1 1 1 1 1 1 1 1 1 1 1 1 1 1 1 1 1 1 1 1 1 1 1 1 1 1 1 1 1 1 1 1 1 1 1 1 1 1 1 1 1 1 1 1 1 1 1 1 1 1 1 1 1 1 1 1 1 1 1 1 1 1 1 1 1 1 1 1 1 1 1 1 1 1 1 1 1 1 1 1 1 1 1 1 1 1 1 1 1 1 1 1 1 1 1 1 1 1 1 1 1 1 1 1 1 1 1 1 1 1 1 1 1 1 1 1 1 1 1 1 1 1 1 1 1 1 1 1 1 1 1 1 1 1 1 1 1 1 1 1 1 1 1 1 1 1 1 1 1 1 1 1 1 1 1 1 1 1 1 1 1 1 1 1 1 1 1 1 1 1 1 1 1 1 1 1 1 1 1 1 1 1 1 1 1 1 1 1 1 1 1 1 1 1 1 1 1 1 1 1 1 1 1 1 1 1 1 1 1 1 1 1 1 1 1 1 1 1 1 1 1 1 1 1 1 1 1 1 1 1 1 1 1 1 1 1 1 1 1 1 1 1 1 1 1 1 1 1 1 1 1 1 1 1 1 1 1 1.00001 1 1.00001 1.00002 1.00002 1.00004 1.00003 1.00005 1 1.00002 1.00004 0.999974 0.999736 0.999883 0.999515 0.997587 0.998282 0.999206 0.996557 0.998799 0.994948 0.983437 0.988812 0.965007 0.975733 0.992486 0.910704 0.884929 0.932643 0.855647 0.692677 0.578442 0.823639 0.575127 0.605538 0.574311 0.574348 0.574349 0.574349 0.95073 0.574349 0.574349 0.574349 0.574349 0.574349 0.574349 0.574338 0.574349 0.574349 0.574349 0.574349 0.574349 0.574407 0.574349 0.574349 0.574349 0.574349 0.574349 0.574349 0.574349 0.574349 0.574349 0.574349 0.574349 0.574349 0.574349 0.574349 0.574349 0.574349 0.574349 0.574349 0.574349 0.574349 0.574349 0.574349 0.574349 0.574349 0.574349 0.574349 0.574349 0.574349 0.574349 0.574349 0.574349 0.574349 0.574349 0.574349 0.574349 0.574349 0.574349 0.574349 0.574349 0.574349 0.574349 0.574349 0.574349 0.574349 0.574349 0.574349 0.574349 0.574349 0.574349 0.574349 0.574349 0.574349 0.574349 0.574349 0.574349 0.574349 0.574349 0.574349 0.574349 0.574349 0.574349 0.574349 0.574349 0.574349 0.574349 0.574349 0.574349 0.574349 0.574349 0.574349 0.574349 0.574349 0.574349 0.574349 0.574349 0.574349 0.574349 0.574349 0.574349 0.574349 0.574349 0.574349 0.574349 0.574349 0.574349 0.574349 0.574349 0.574349 0.574349 0.574349 0.574349 0.574349 0.574349 0.574349 0.574349 0.574349 0.574349 0.574349 0.574349 0.574349 0.574349 0.574349 0.574349 0.574349 0.574349 0.574349 0.574349 0.574349 0.574349 0.574349 0.574349 0.574349 0.574349 0.574349 0.574349 0.574349 0.574349 0.574349 0.574349 0.574349 0.574349 0.574349 0.574349 0.574349 0.574349 0.574349 0.574349 0.574349 0.574349 0.574349 0.574349 0.574349 0.574349 0.574349 0.574349 0.574349 0.574349 0.574349 0.574349 0.574349 0.574349 0.574349 0.574349 0.574349 0.574349 0.574349 0.574349 0.574349 0.574349 0.574349 0.574349 0.574349 0.574349 0.574349 0.574349 0.574349 0.574349 0.574349 0.574349 0.574349 0.574349 0.574349 0.574349 0.574349 0.57435 0.574349 0.574349 0.574349 0.574375 0.573484 0.574226 0.569977 0.549807 0.574349 0.48509 0.574361 0.574349 0.574349 
30 0.770312 0.816614 0.857017 0.89125 0.919379 0.941719 0.95879 0.971306 0.980169 0.986339 0.990569 0.993434 0.99537 0.997666 0.999683 0.999392 1.00006 1.00004 1.00006 1.00005 1.00004 1.00003 0.998972 0.996703 0.998402 1.00001 1.00001 0.999872 1 0.999984 1 1 1.00002 1 1 1 1 1 1 1 1 1 1 1 1 1 1 1 1 1 1 1 1 1 1 1 1 1 1 1 1 1 1 1 1 1 1 1 1 1 1 1 1 1 1 1 1 1 1 1 1 1 1 1 1 1 1 1 1 1 1 1 1 1 1 1 1 1 1 1 1 1 1 1 1 1 1 1 1 1 1 1 1 1 1 1 1 1 1 1 1 1 1 1 1 1 1 1 1 1 1 1 1 1 1 1 1 1 1 1 1 1 1 1 1 1 1 1 1 1 1 1 1 1 1 1 1 1 1 1 1 1 1 1 1 1 1 1 1 1 1 1 1 1 1 1 1 1 1 1 1 1 1 1 1 1 1 1 1 1 1 1 1 1 1 1 1 1 1 1 1 1 1 1 1 1 1 1 1 1 1 1 1 1 1 1 1 1 1 1 1 1 1 1 1 1 1 1 1 1 1 1 1 1 1 1 1 1 1 1 1 1 1 1 1 1 1 1 1 1 1 1 1 1 1 1 1 1 1 1 1 1 1 1 1 1 1 1 1 1 1 1 1 1 1 1 1 1 1 1 1 1 1 1 1 1 1 1 1 1 1 1 1 1 1 1 1 1 1 1 1 1 1 1 1 1 1 1 1 1 1 1 1 1 1 1 1 1 1 1 1 1 1 1 1 1 1 1 1 1 1 1 1 1 1 1 1 1 1 1 1 1 1 1 1 1 1 1 1 1 1 1 1 1 1 1 1 1 1 1 1 1 1 1 1 1 1 1 1 1 1 1 1 1 1 1 1 1 1 1 1 1 1 1 1 1 1 1 1 1 1 1 1 1 1 1 1 1 1 1 1 1 1 1 1 1 1 1 1 1 1 1 1 1 1 1 1 1 1 1 1 1 1 1 1 1 1 1 1 1 1 1 1 1 1 1 1 1 1 1 1 1 1 1 1 1 1 1 1 1 1 1 1 1 1 1 1 1 1 1 1 1 1 1 1 1 1 1 1 1 1 1 1 1 1 1 1 1 1 1 1 1 1 1 1 1 1 1 1 1 1 1 1 1 1 1 1 1 1 1 1 1 1 1 1 1 1 1 1 1 1 1 1 1 1 1 1 1 1 1 1 1 1 1 1 1 1 1 1 1 1 1 1 1 1 1 1 1 1 1 1 1 1 1 1 1 1 1 1 1 1 1 1 1 1 1 1 1 1 1 1 1 1 1 1 1 1 1 1 1 1 1 1 1 1 1 1 1 1 1 1 1 1 1 1 1 1 1 1 1 1 1 1 1 1 1 1 1 1 1 1 1 1 1 1 1 1 1 1 1 1 1 1 1 1 1 1 1 1 1 1 1 1 1 1 1 1 1 1 1 1 1 1 1 1 1 1 1 1 1 1 1 1 1 1 1 1 1 1 1 1 1 1 1 1 1 1 1 1 1 1 1 1 1 1 1 1 1 1 1 1 1 1 1 1 1 1 1 1 1 1 1 1 1 1 1 1 1 1 1 1 1 1 1 1 1 1 1 1 1 1 1 1 1 1 1 1 1 1 1 1 1 1 1 1 1 1 1 1 1 1 1 1 1 1 1 1 1 1 1 1 1 1 1 1 1 1 1 1 1 1 1 1 1 1 1 1 1 1 1 1 1 1 1 1 1 1 1 1 1 1 1 1.00001 1.00001 1.00003 1.00004 1.00005 1.00005 1.00002 0.999972 1 0.999875 0.999717 0.999481 0.999152 0.998717 1.00002 0.997433 0.996362 0.998166 0.994714 1 1 1 0.983112 0.975394 0.964659 0.950374 0.992215 0.884555 1 0.855279 0.98851 0.823302 1 0.692745 0.578634 0.574412 0.575182 0.574309 0.932279 1.00004 0.574349 0.910333 0.574349 0.574348 0.574337 1 0.574349 0.574349 0.574349 0.574349 0.574349 0.574349 0.574349 0.574349 0.574349 0.574349 0.574349 0.574349 0.574349 0.574349 0.574349 0.574349 0.574349 0.574349 0.574349 0.574349 0.605893 0.574349 0.574349 1 0.574349 0.574349 0.574349 0.574349 0.574349 0.574349 0.574349 0.574349 0.574349 0.574349 0.574349 0.574349 1 0.574349 0.574349 0.574349 0.574349 0.574349 0.574349 0.574349 0.574349 0.574349 0.574349 0.574349 0.574349 0.574349 0.574349 0.574349 0.574349 0.574349 0.574349 0.574349 0.574349 0.574349 0.574349 0.574349 0.574349 0.574349 0.574349 0.574349 0.574349 0.574349 0.574349 0.574349 0.574349 0.574349 0.574349 0.574349 0.574349 0.574349 0.574349 0.574349 0.574349 0.574349 0.574349 0.574349 0.574349 0.574349 0.574349 0.574349 0.574349 0.574349 0.574349 0.574349 0.574349 0.574349 0.574349 0.574349 0.574349 0.574349 0.574349 0.574349 0.574349 0.574349 0.574349 0.574349 0.574349 0.574349 0.574349 0.574349 0.574349 0.574349 0.574349 0.574349 0.574349 0.574349 0.574349 0.574349 0.574349 0.574349 0.574349 0.574349 0.574349 0.574349 0.574349 0.574349 0.574349 0.574349 0.574349 0.574349 0.574349 0.574349 0.574349 0.574349 0.574349 0.574349 0.574349 0.574349 0.574349 0.574349 0.574349 0.574349 0.574349 0.574349 0.574349 0.574349 0.574349 0.574349 0.574349 0.574349 0.574349 0.574349 0.574349 0.574349 0.574349 0.574349 0.574349 0.574349 0.574349 0.574349 0.574349 0.574349 0.574349 0.574349 0.574349 0.574349 0.574349 0.574349 0.574349 0.574349 0.574349 0.574349 0.574349 0.574349 0.574349 0.574349 0.574349 0.574349 0.574349 0.574349 0.574349 0.574349 0.574349 0.574349 0.574349 0.574349 0.574362 0.574349 0.574218 0.573424 0.574377 0.574349 0.549644 0.574349 0.484866 0.574349 0.569842 0.574351 
31 0.769512 0.81589 0.856368 0.890664 0.918837 0.941206 0.958295 0.970826 0.985915 0.990191 0.979711 0.99311 0.995105 0.996497 0.997514 0.998297 0.998904 0.999982 0.999662 1.00007 1.00004 1.00003 1.00002 0.999351 0.999863 1.00001 1.00001 1.00004 1.00007 1.00006 1 1 1 1 1 1 1 1 1 1 1 1 1 1 1 1 1 1 1 1 1 1 1 1 1 1 1 1 1 1 1 1 1 1 1 1 1 1 1 1 1 1 1 1 1 1 1 1 1 1 1 1 1 1 1 1 1 1 1 1 1 1 1 1 1 1 1 1 1 1 1 1 1 1 1 1 1 1 1 1 1 1 1 1 1 1 1 1 1 1 1 1 1 1 1 1 1 1 1 1 1 1 1 1 1 1 1 1 1 1 1 1 1 1 1 1 1 1 1 1 1 1 1 1 1 1 1 1 1 1 1 1 1 1 1 1 1 1 1 1 1 1 1 1 1 1 1 1 1 1 1 1 1 1 1 1 1 1 1 1 1 1 1 1 1 1 1 1 1 1 1 1 1 1 1 1 1 1 1 1 1 1 1 1 1 1 1 1 1 1 1 1 1 1 1 1 1 1 1 1 1 1 1 1 1 1 1 1 1 1 1 1 1 1 1 1 1 1 1 1 1 1 1 1 1 1 1 1 1 1 1 1 1 1 1 1 1 1 1 1 1 1 1 1 1 1 1 1 1 1 1 1 1 1 1 1 1 1 1 1 1 1 1 1 1 1 1 1 1 1 1 1 1 1 1 1 1 1 1 1 1 1 1 1 1 1 1 1 1 1 1 1 1 1 1 1 1 1 1 1 1 1 1 1 1 1 1 1 1 1 1 1 1 1 1 1 1 1 1 1 1 1 1 1 1 1 1 1 1 1 1 1 1 1 1 1 1 1 1 1 1 1 1 1 1 1 1 1 1 1 1 1 1 1 1 1 1 1 1 1 1 1 1 1 1 1 1 1 1 1 1 1 1 1 1 1 1 1 1 1 1 1 1 1 1 1 1 1 1 1 1 1 1 1 1 1 1 1 1 1 1 1 1 1 1 1 1 1 1 1 1 1 1 1 1 1 1 1 1 1 1 1 1 1 1 1 1 1 1 1 1 1 1 1 1 1 1 1 1 1 1 1 1 1 1 1 1 1 1 1 1 1 1 1 1 1 1 1 1 1 1 1 1 1 1 1 1 1 1 1 1 1 1 1 1 1 1 1 1 1 1 1 1 1 1 1 1 1 1 1 1 1 1 1 1 1 1 1 1 1 1 1 1 1 1 1 1 1 1 1 1 1 1 1 1 1 1 1 1 1 1 1 1 1 1 1 1 1 1 1 1 1 1 1 1 1 1 1 1 1 1 1 1 1 1 1 1 1 1 1 1 1 1 1 1 1 1 1 1 1 1 1 1 1 1 1 1 1 1 1 1 1 1 1 1 1 1 1 1 1 1 1 1 1 1 1 1 1 1 1 1 1 1 1 1 1 1 1 1 1 1 1 1 1 1 1 1 1 1 1 1 1 1 1 1 1 1 1 1 1 1 1 1 1 1 1 1 1 1 1 1 1 1 1 1 1 1 1 1 1 1 1 1 1 1 1 1 1 1 1 1 1 1 1 1 1 1 1 1 1 1 1 1 1 1 1 1 1 1 1 1 1 1 1 1 1 1 1 1 1 1 1 1 1 1 1 1 1 1 1 1 1 1 1 1 1 1 1 1 1 1 1 1 1 1 1 1 1 1 1 1 1 1 1 1 1 1 1 1 1 1 1 1 1 1 1 1 1 1 1 1 1 1 1 1 1 1 1 1.00001 1.00001 1.00003 1.00002 1 1.00005 1.00005 1.00004 1.00002 1 1.00005 0.999447 0.999969 0.998047 0.997274 0.996161 0.998632 0.982777 0.999698 1 0.999095 0.950006 0.964299 0.975044 0.994472 0.999866 0.931903 0.988198 0.90995 0.8549 0.692815 0.991935 0.60626 0.574416 0.822954 0.574306 0.575238 0.884168 0.574336 0.574349 0.574349 0.574349 0.578832 0.574349 0.574349 0.574349 0.574349 0.574349 0.574349 0.574349 0.574348 0.574349 0.574349 0.574349 0.574349 0.574349 0.574349 0.574349 0.574349 0.574349 0.574349 0.574349 0.574349 0.574349 0.574349 0.574349 0.574349 0.574349 0.574349 0.574349 0.574349 0.574349 0.574349 0.574349 0.574349 0.574349 0.574349 0.574349 0.574349 0.574349 0.574349 0.574349 0.574349 0.574349 0.574349 0.574349 0.574349 0.574349 0.574349 0.574349 0.574349 0.574349 0.574349 0.574349 0.574349 0.574349 0.574349 0.574349 0.574349 0.574349 0.574349 0.574349 0.574349 0.574349 0.574349 0.574349 0.574349 0.574349 0.574349 0.574349 0.574349 0.574349 0.574349 0.574349 0.574349 0.574349 0.574349 0.574349 0.574349 0.574349 0.574349 0.574349 0.574349 0.574349 0.574349 0.574349 0.574349 0.574349 0.574349 0.574349 0.574349 0.574349 0.574349 0.574349 0.574349 0.574349 0.574349 0.574349 0.574349 0.574349 0.574349 0.574349 0.574349 0.574349 0.574349 0.574349 0.574349 0.574349 0.574349 0.574349 0.574349 0.574349 0.574349 0.574349 0.574349 0.574349 0.574349 0.574349 0.574349 0.574349 0.574349 0.574349 0.574349 0.574349 0.574349 0.574349 0.574349 0.574349 0.574349 0.574349 0.574349 0.574349 0.574349 0.574349 0.574349 0.574349 0.574349 0.574349 0.574349 0.574349 0.574349 0.574349 0.574349 0.574349 0.574349 0.574349 0.574349 0.574349 0.574349 0.574349 0.574349 0.574349 0.574349 0.574349 0.574349 0.574349 0.574349 0.574349 0.574349 0.574349 0.574349 0.574349 0.574349 0.574349 0.574349 0.574349 0.574349 0.574349 0.574349 0.574349 0.574349 0.574349 0.574349 0.574349 0.574349 0.574349 0.574349 0.574349 0.574349 0.574349 0.574349 0.574363 0.574209 0.574379 0.573363 0.569703 0.574349 0.549476 0.574349 0.574351 0.574349 0.484636 
32 0.768688 0.815143 0.855699 0.89006 0.91828 0.940678 0.957785 0.97033 0.979238 0.985477 0.989801 0.992777 0.994832 0.996285 0.997357 0.999309 0.999853 0.99998 1.00004 0.998834 0.998189 0.999639 1.00003 1.00007 1.00001 1.00001 1.00001 1 1 1 1.00005 1 1.00002 1.00006 1 1.00007 1 1 1 1 1 1 1 1 1 1 1 1 1 1 1 1 1 1 1 1 1 1 1 1 1 1 1 1 1 1 1 1 1 1 1 1 1 1 1 1 1 1 1 1 1 1 1 1 1 1 1 1 1 1 1 1 1 1 1 1 1 1 1 1 1 1 1 1 1 1 1 1 1 1 1 1 1 1 1 1 1 1 1 1 1 1 1 1 1 1 1 1 1 1 1 1 1 1 1 1 1 1 1 1 1 1 1 1 1 1 1 1 1 1 1 1 1 1 1 1 1 1 1 1 1 1 1 1 1 1 1 1 1 1 1 1 1 1 1 1 1 1 1 1 1 1 1 1 1 1 1 1 1 1 1 1 1 1 1 1 1 1 1 1 1 1 1 1 1 1 1 1 1 1 1 1 1 1 1 1 1 1 1 1 1 1 1 1 1 1 1 1 1 1 1 1 1 1 1 1 1 1 1 1 1 1 1 1 1 1 1 1 1 1 1 1 1 1 1 1 1 1 1 1 1 1 1 1 1 1 1 1 1 1 1 1 1 1 1 1 1 1 1 1 1 1 1 1 1 1 1 1 1 1 1 1 1 1 1 1 1 1 1 1 1 1 1 1 1 1 1 1 1 1 1 1 1 1 1 1 1 1 1 1 1 1 1 1 1 1 1 1 1 1 1 1 1 1 1 1 1 1 1 1 1 1 1 1 1 1 1 1 1 1 1 1 1 1 1 1 1 1 1 1 1 1 1 1 1 1 1 1 1 1 1 1 1 1 1 1 1 1 1 1 1 1 1 1 1 1 1 1 1 1 1 1 1 1 1 1 1 1 1 1 1 1 1 1 1 1 1 1 1 1 1 1 1 1 1 1 1 1 1 1 1 1 1 1 1 1 1 1 1 1 1 1 1 1 1 1 1 1 1 1 1 1 1 1 1 1 1 1 1 1 1 1 1 1 1 1 1 1 1 1 1 1 1 1 1 1 1 1 1 1 1 1 1 1 1 1 1 1 1 1 1 1 1 1 1 1 1 1 1 1 1 1 1 1 1 1 1 1 1 1 1 1 1 1 1 1 1 1 1 1 1 1 1 1 1 1 1 1 1 1 1 1 1 1 1 1 1 1 1 1 1 1 1 1 1 1 1 1 1 1 1 1 1 1 1 1 1 1 1 1 1 1 1 1 1 1 1 1 1 1 1 1 1 1 1 1 1 1 1 1 1 1 1 1 1 1 1 1 1 1 1 1 1 1 1 1 1 1 1 1 1 1 1 1 1 1 1 1 1 1 1 1 1 1 1 1 1 1 1 1 1 1 1 1 1 1 1 1 1 1 1 1 1 1 1 1 1 1 1 1 1 1 1 1 1 1 1 1 1 1 1 1 1 1 1 1 1 1 1 1 1 1 1 1 1 1 1 1 1 1 1 1 1 1 1 1 1 1 1 1 1 1 1 1 1 1 1 1 1 1 1 1 1 1 1 1 1 1 1 1 1 1 1 1 1 1 1 1 1 1 1 1 1 1 1 1 1 1 1 1 1 1 1 1 1 1 1 1 1 1 1 1 1 1 1 1 1 1 1 1 1 1 1 1 1 1 1 1 1 1 1 1 1 1 1 1 1 1 1 1 1 1 1 1 1 1 1 1 1 1 1 1 1 1 1 1 1.00001 1 1.00001 1.00002 1 1.00003 1.00005 1.00006 1.00005 1 1.00004 1.00003 1 0.999857 0.999411 0.999037 0.998545 0.997923 0.99711 1 0.994222 0.999967 0.999678 0.974683 0.963929 0.991647 0.987877 0.909555 0.883769 0.822596 0.854509 0.982432 0.995954 0.692888 0.931515 0.575297 0.949627 0.606639 0.574304 0.574421 0.579037 0.574349 0.574349 0.574335 0.574349 0.574349 0.574349 0.574349 0.574349 0.574349 0.574349 0.574349 0.574349 0.574348 0.574349 0.574349 0.574349 0.574349 0.574349 0.574349 0.574349 0.574349 0.574349 0.574349 0.574349 0.574349 0.574349 0.574349 0.574349 0.574349 0.574349 0.574349 0.574349 0.574349 0.574349 0.574349 0.574349 0.574349 0.574349 0.574349 0.574349 0.574349 0.574349 0.574349 0.574349 0.574349 0.574349 0.574349 0.574349 0.574349 0.574349 0.574349 0.574349 0.574349 0.574349 0.574349 0.574349 0.574349 0.574349 0.574349 0.574349 0.574349 0.574349 0.574349 0.574349 0.574349 0.574349 0.574349 0.574349 0.574349 0.574349 0.574349 0.574349 0.574349 0.574349 0.574349 0.574349 0.574349 0.574349 0.574349 0.574349 0.574349 0.574349 0.574349 0.574349 0.574349 0.574349 0.574349 0.574349 0.574349 0.574349 0.574349 0.574349 0.574349 0.574349 0.574349 0.574349 0.574349 0.574349 0.574349 0.574349 0.574349 0.574349 0.574349 0.574349 0.574349 0.574349 0.574349 0.574349 0.574349 0.574349 0.574349 0.574349 0.574349 0.574349 0.574349 0.574349 0.574349 0.574349 0.574349 0.574349 0.574349 0.574349 0.574349 0.574349 0.574349 0.574349 0.574349 0.574349 0.574349 0.574349 0.574349 0.574349 0.574349 0.574349 0.574349 0.574349 0.574349 0.574349 0.574349 0.574349 0.574349 0.574349 0.574349 0.574349 0.574349 0.574349 0.574349 0.574349 0.574349 0.574349 0.574349 0.574349 0.574349 0.574349 0.574349 0.574349 0.574349 0.574349 0.574349 0.574349 0.574349 0.574349 0.574349 0.574349 0.574349 0.574349 0.574349 0.574349 0.574349 0.574349 0.574349 0.574349 0.574349 0.574349 0.574349 0.574349 0.574349 0.574349 0.574349 0.574349 0.57438 0.574349 0.574351 0.574363 0.574349 0.574349 0.569559 0.5742 0.573301 0.549303 0.484398 0.574349 0.574349 
33 0.767839 0.814374 0.85501 0.889437 0.917705 0.940133 0.957258 0.969819 0.97875 0.985027 0.9894 0.992434 0.994551 0.996066 0.997197 0.998077 0.998762 0.999266 1.00007 0.999843 1.00005 1.00002 1.00002 1.00004 1.00001 1.00001 1.00007 1.00005 1.00006 1 1 0.999616 0.999978 1 1 1 1 1 1 1 1 1 1 1 1 1 1 1 1 1 1 1 1 1 1 1 1 1 1 1 1 1 1 1 1 1 1 1 1 1 1 1 1 1 1 1 1 1 1 1 1 1 1 1 1 1 1 1 1 1 1 1 1 1 1 1 1 1 1 1 1 1 1 1 1 1 1 1 1 1 1 1 1 1 1 1 1 1 1 1 1 1 1 1 1 1 1 1 1 1 1 1 1 1 1 1 1 1 1 1 1 1 1 1 1 1 1 1 1 1 1 1 1 1 1 1 1 1 1 1 1 1 1 1 1 1 1 1 1 1 1 1 1 1 1 1 1 1 1 1 1 1 1 1 1 1 1 1 1 1 1 1 1 1 1 1 1 1 1 1 1 1 1 1 1 1 1 1 1 1 1 1 1 1 1 1 1 1 1 1 1 1 1 1 1 1 1 1 1 1 1 1 1 1 1 1 1 1 1 1 1 1 1 1 1 1 1 1 1 1 1 1 1 1 1 1 1 1 1 1 1 1 1 1 1 1 1 1 1 1 1 1 1 1 1 1 1 1 1 1 1 1 1 1 1 1 1 1 1 1 1 1 1 1 1 1 1 1 1 1 1 1 1 1 1 1 1 1 1 1 1 1 1 1 1 1 1 1 1 1 1 1 1 1 1 1 1 1 1 1 1 1 1 1 1 1 1 1 1 1 1 1 1 1 1 1 1 1 1 1 1 1 1 1 1 1 1 1 1 1 1 1 1 1 1 1 1 1 1 1 1 1 1 1 1 1 1 1 1 1 1 1 1 1 1 1 1 1 1 1 1 1 1 1 1 1 1 1 1 1 1 1 1 1 1 1 1 1 1 1 1 1 1 1 1 1 1 1 1 1 1 1 1 1 1 1 1 1 1 1 1 1 1 1 1 1 1 1 1 1 1 1 1 1 1 1 1 1 1 1 1 1 1 1 1 1 1 1 1 1 1 1 1 1 1 1 1 1 1 1 1 1 1 1 1 1 1 1 1 1 1 1 1 1 1 1 1 1 1 1 1 1 1 1 1 1 1 1 1 1 1 1 1 1 1 1 1 1 1 1 1 1 1 1 1 1 1 1 1 1 1 1 1 1 1 1 1 1 1 1 1 1 1 1 1 1 1 1 1 1 1 1 1 1 1 1 1 1 1 1 1 1 1 1 1 1 1 1 1 1 1 1 1 1 1 1 1 1 1 1 1 1 1 1 1 1 1 1 1 1 1 1 1 1 1 1 1 1 1 1 1 1 1 1 1 1 1 1 1 1 1 1 1 1 1 1 1 1 1 1 1 1 1 1 1 1 1 1 1 1 1 1 1 1 1 1 1 1 1 1 1 1 1 1 1 1 1 1 1 1 1 1 1 1 1 1 1 1 1 1 1 1 1 1 1 1 1 1 1 1 1 1 1 1 1 1 1 1 1 1 1 1 1 1 1 1 1 1 1 1 1 1 1 1 1 1 1 1 1 1 1 1 1 1 1 1 1 1 1 1 1 1 1 1 1 1 1 1 1 1 1 1 1 1 1 1 1 1 1 1 1 1 1 1 1 1 1 1 1 1 1 1 1 1 1 1 1 1 1 1 1 1 1 1 1 1 1 1 1 1 1 1 1 1 1 1 1 1 1 1 1 1 1 1 1 1 1.00001 1.00002 1.00003 1.00004 1.00005 1 1.00006 1 1 1.00003 1 1.00001 0.999847 0.998978 0.998455 1.00005 0.997796 0.999657 0.999964 0.995741 0.996941 0.993966 0.999374 0.987546 0.982076 0.974311 0.949236 0.99135 0.883359 0.963547 0.822228 0.931116 0.909148 0.692963 0.60703 0.575357 0.854107 0.574347 0.574349 0.574349 0.579249 0.574349 1 0.574301 0.574426 0.574335 0.574349 0.574349 0.574349 0.574349 0.574349 0.574349 0.574349 0.574349 0.574349 0.574349 0.574349 0.574349 0.574349 0.574349 0.574349 0.574349 0.574349 0.574349 0.574349 0.574349 0.574349 0.574349 0.574349 0.574349 0.574349 0.574349 0.574349 0.574349 0.574349 0.574349 0.574349 0.574349 0.574349 0.574349 0.574349 0.574349 0.574349 0.574349 0.574349 0.574349 0.574349 0.574349 0.574349 0.574349 0.574349 0.574349 0.574349 0.574349 0.574349 0.574349 0.574349 0.574349 0.574349 0.574349 0.574349 0.574349 0.574349 0.574349 0.574349 0.574349 0.574349 0.574349 0.574349 0.574349 0.574349 0.574349 0.574349 0.574349 0.574349 0.574349 0.574349 0.574349 0.574349 0.574349 0.574349 0.574349 0.574349 0.574349 0.574349 0.574349 0.574349 0.574349 0.574349 0.574349 0.574349 0.574349 0.574349 0.574349 0.574349 0.574349 0.574349 0.574349 0.574349 0.574349 0.574349 0.574349 0.574349 0.574349 0.574349 0.574349 0.574349 0.574349 0.574349 0.574349 0.574349 0.574349 0.574349 0.574349 0.574349 0.574349 0.574349 0.574349 0.574349 0.574349 0.574349 0.574349 0.574349 0.574349 0.574349 0.574349 0.574349 0.574349 0.574349 0.574349 0.574349 0.574349 0.574349 0.574349 0.574349 0.574349 0.574349 0.574349 0.574349 0.574349 0.574349 0.574349 0.574349 0.574349 0.574349 0.574349 0.574349 0.574349 0.574349 0.574349 0.574349 0.574349 0.574349 0.574349 0.574349 0.574349 0.574349 0.574349 0.574349 0.574349 0.574349 0.574349 0.574349 0.574349 0.574349 0.574349 0.574349 0.574349 0.574349 0.574349 0.574349 0.574349 0.574349 0.574349 0.574349 0.574349 0.574349 0.574349 0.574349 0.574349 0.574349 0.574349 0.574382 0.57419 0.574349 0.574349 0.569411 0.574349 0.484153 0.549124 0.574364 0.574349 0.573236 0.574351 
34 0.813584 0.766967 0.854301 0.888796 0.917113 0.939573 0.956717 0.969294 0.978249 0.984564 0.988987 0.992081 0.994263 0.997963 0.998688 0.999833 0.999221 0.999975 1.00008 1.00008 1.00005 1.00007 0.997031 1.00002 0.999592 1.00001 1.00001 1 1 1 1 1 1 1.00004 1 1 1 0.995842 1 1 1 1 1 1 1.00002 1.00005 1 1 1 1 1 1 1 1 1 1 1 1 1 1 1 1 1 1 1 1 1 1 1 1 1 1 1 1 1 1 1 1 1 1 1 1 1 1 1 1 1 1 1 1 1 1 1 1 1 1 1 1 1 1 1 1 1 1 1 1 1 1 1 1 1 1 1 1 1 1 1 1 1 1 1 1 1 1 1 1 1 1 1 1 1 1 1 1 1 1 1 1 1 1 1 1 1 1 1 1 1 1 1 1 1 1 1 1 1 1 1 1 1 1 1 1 1 1 1 1 1 1 1 1 1 1 1 1 1 1 1 1 1 1 1 1 1 1 1 1 1 1 1 1 1 1 1 1 1 1 1 1 1 1 1 1 1 1 1 1 1 1 1 1 1 1 1 1 1 1 1 1 1 1 1 1 1 1 1 1 1 1 1 1 1 1 1 1 1 1 1 1 1 1 1 1 1 1 1 1 1 1 1 1 1 1 1 1 1 1 1 1 1 1 1 1 1 1 1 1 1 1 1 1 1 1 1 1 1 1 1 1 1 1 1 1 1 1 1 1 1 1 1 1 1 1 1 1 1 1 1 1 1 1 1 1 1 1 1 1 1 1 1 1 1 1 1 1 1 1 1 1 1 1 1 1 1 1 1 1 1 1 1 1 1 1 1 1 1 1 1 1 1 1 1 1 1 1 1 1 1 1 1 1 1 1 1 1 1 1 1 1 1 1 1 1 1 1 1 1 1 1 1 1 1 1 1 1 1 1 1 1 1 1 1 1 1 1 1 1 1 1 1 1 1 1 1 1 1 1 1 1 1 1 1 1 1 1 1 1 1 1 1 1 1 1 1 1 1 1 1 1 1 1 1 1 1 1 1 1 1 1 1 1 1 1 1 1 1 1 1 1 1 1 1 1 1 1 1 1 1 1 1 1 1 1 1 1 1 1 1 1 1 1 1 1 1 1 1 1 1 1 1 1 1 1 1 1 1 1 1 1 1 1 1 1 1 1 1 1 1 1 1 1 1 1 1 1 1 1 1 1 1 1 1 1 1 1 1 1 1 1 1 1 1 1 1 1 1 1 1 1 1 1 1 1 1 1 1 1 1 1 1 1 1 1 1 1 1 1 1 1 1 1 1 1 1 1 1 1 1 1 1 1 1 1 1 1 1 1 1 1 1 1 1 1 1 1 1 1 1 1 1 1 1 1 1 1 1 1 1 1 1 1 1 1 1 1 1 1 1 1 1 1 1 1 1 1 1 1 1 1 1 1 1 1 1 1 1 1 1 1 1 1 1 1 1 1 1 1 1 1 1 1 1 1 1 1 1 1 1 1 1 1 1 1 1 1 1 1 1 1 1 1 1 1 1 1 1 1 1 1 1 1 1 1 1 1 1 1 1 1 1 1 1 1 1 1 1 1 1 1 1 1 1 1 1 1 1 1 1 1 1 1 1 1 1 1 1 1 1 1 1 1 1 1 1 1 1 1 1 1 1 1 1 1 1 1 1 1 1 1 1 1 1 1 1 1 1 1 1 1 1 1 1 1 1 1 1 1 1 1 1 1 1 1 1 1 1 1 1 1 1 1 1 1 1 1 1 1 1 1 1 1 1 1 1 1 1 1 1 1 1 1 1 1 1 1 1 1 1.00001 1 1 1 1.00001 1 1.00001 1.00003 1.00002 1.00004 0.999961 1.00003 0.999837 0.999636 1.00006 0.999336 1.00006 0.998916 0.998362 0.995522 0.997666 0.996767 0.987206 0.98171 0.973928 0.948834 0.930705 0.90873 0.993702 0.991044 1.00006 0.963153 0.575419 0.574431 0.574299 0.574334 0.882937 0.853693 0.574349 0.574347 0.574349 0.574349 0.574349 0.574349 0.82185 0.693041 0.574349 0.574349 0.579467 0.574349 0.574349 0.574349 0.574349 0.574349 0.574349 0.574349 0.574349 0.574349 0.574349 0.574349 0.574349 0.574349 0.574349 0.574349 0.574349 0.574349 0.574349 0.574349 0.574349 0.574349 0.574349 0.574349 0.574349 0.574349 0.574349 0.574349 0.574349 0.574349 0.574349 0.574349 0.574349 0.574349 0.574349 0.574349 0.607433 0.574349 0.574349 0.574349 0.574349 0.574349 0.574349 0.574349 0.574349 0.574349 0.574349 0.574349 0.574349 0.574349 0.574349 0.574349 0.574349 0.574349 0.574349 0.574349 0.574349 0.574349 0.574349 0.574349 0.574349 0.574349 0.574349 0.574349 0.574349 0.574349 0.574349 0.574349 0.574349 0.574349 0.574349 0.574349 0.574349 0.574349 0.574349 0.574349 0.574349 0.574349 0.574349 0.574349 0.574349 0.574349 0.574349 0.574349 0.574349 0.574349 0.574349 0.574349 0.574349 0.574349 0.574349 0.574349 0.574349 0.574349 0.574349 0.574349 0.574349 0.574349 0.574349 0.574349 0.574349 0.574349 0.574349 0.574349 0.574349 0.574349 0.574349 0.574349 0.574349 0.574349 0.574349 0.574349 0.574349 0.574349 0.574349 0.574349 0.574349 0.574349 0.574349 0.574349 0.574349 0.574349 0.574349 0.574349 0.574349 0.574349 0.574349 0.574349 0.574349 0.574349 0.574349 0.574349 0.574349 0.574349 0.574349 0.574349 0.574349 0.574349 0.574349 0.574349 0.574349 0.574349 0.574349 0.574349 0.574349 0.574349 0.574349 0.574349 0.574349 0.574349 0.574349 0.574349 0.574349 0.574349 0.574349 0.574349 0.574349 0.574349 0.574349 0.574349 0.574349 0.574349 0.574349 0.574349 0.574349 0.574349 0.574349 0.574349 0.574349 0.574349 0.574349 0.574349 0.574349 0.574349 0.574351 0.574384 0.573169 0.54894 0.4839 0.574349 0.574349 0.574365 0.57418 0.574349 0.574349 0.569259 
35 0.766071 0.812772 0.853573 0.888138 0.916505 0.938996 0.956159 0.968753 0.977734 0.984087 0.988564 0.991719 0.995611 0.993967 0.996862 0.997845 0.998611 0.999175 0.999822 1.00008 0.999567 0.999973 1.00005 1.00008 1.00002 1.00001 1.00007 1.00005 1.00004 1 1.00003 1 1.00001 1 1 1 1 1 1 1 1 1 1 1 1 1 1 1 1 1 1 1 1 1 1 1 1 1 1 1 1 1 1 1 1 1 1 1 1 1 1 1 1 1 1 1 1 1 1 1 1 1 1 1 1 1 1 1 1 1 1 1 1 1 1 1 1 1 1 1 1 1 1 1 1 1 1 1 1 1 1 1 1 1 1 1 1 1 1 1 1 1 1 1 1 1 1 1 1 1 1 1 1 1 1 1 1 1 1 1 1 1 1 1 1 1 1 1 1 1 1 1 1 1 1 1 1 1 1 1 1 1 1 1 1 1 1 1 1 1 1 1 1 1 1 1 1 1 1 1 1 1 1 1 1 1 1 1 1 1 1 1 1 1 1 1 1 1 1 1 1 1 1 1 1 1 1 1 1 1 1 1 1 1 1 1 1 1 1 1 1 1 1 1 1 1 1 1 1 1 1 1 1 1 1 1 1 1 1 1 1 1 1 1 1 1 1 1 1 1 1 1 1 1 1 1 1 1 1 1 1 1 1 1 1 1 1 1 1 1 1 1 1 1 1 1 1 1 1 1 1 1 1 1 1 1 1 1 1 1 1 1 1 1 1 1 1 1 1 1 1 1 1 1 1 1 1 1 1 1 1 1 1 1 1 1 1 1 1 1 1 1 1 1 1 1 1 1 1 1 1 1 1 1 1 1 1 1 1 1 1 1 1 1 1 1 1 1 1 1 1 1 1 1 1 1 1 1 1 1 1 1 1 1 1 1 1 1 1 1 1 1 1 1 1 1 1 1 1 1 1 1 1 1 1 1 1 1 1 1 1 1 1 1 1 1 1 1 1 1 1 1 1 1 1 1 1 1 1 1 1 1 1 1 1 1 1 1 1 1 1 1 1 1 1 1 1 1 1 1 1 1 1 1 1 1 1 1 1 1 1 1 1 1 1 1 1 1 1 1 1 1 1 1 1 1 1 1 1 1 1 1 1 1 1 1 1 1 1 1 1 1 1 1 1 1 1 1 1 1 1 1 1 1 1 1 1 1 1 1 1 1 1 1 1 1 1 1 1 1 1 1 1 1 1 1 1 1 1 1 1 1 1 1 1 1 1 1 1 1 1 1 1 1 1 1 1 1 1 1 1 1 1 1 1 1 1 1 1 1 1 1 1 1 1 1 1 1 1 1 1 1 1 1 1 1 1 1 1 1 1 1 1 1 1 1 1 1 1 1 1 1 1 1 1 1 1 1 1 1 1 1 1 1 1 1 1 1 1 1 1 1 1 1 1 1 1 1 1 1 1 1 1 1 1 1 1 1 1 1 1 1 1 1 1 1 1 1 1 1 1 1 1 1 1 1 1 1 1 1 1 1 1 1 1 1 1 1 1 1 1 1 1 1 1 1 1 1 1 1 1 1 1 1 1 1 1 1 1 1 1 1 1 1 1 1 1 1 1 1 1 1 1 1 1 1 1 1 1 1 1 1 1 1 1 1 1 1 1 1 1 1 1 1 1 1 1 1 1 1 1 1 1 1 1 1 1 1 1 1 1 1 1 1 1 1 1 1 1 1 1 1 1 1 1 1 1 1 1 1 1 1 1 1 1 1 1 1 1 1 1 1 1 1 1 1 1 1 1 1 1 1 1 1 1 1 1 1.00001 1 1.00001 1.00002 1.00003 1.00005 1 1 1.00007 1 1 1.00003 0.999957 0.999826 1 0.998852 0.998267 1 0.996588 1 0.995297 0.99343 1 1 0.99073 0.986856 0.981333 0.973534 0.962749 0.94842 0.999296 0.930282 0.9083 0.882503 1 0.853269 1 0.579693 0.607847 0.575484 0.693121 0.574347 0.574296 0.574333 0.574349 0.574349 1.00002 1.00006 0.574349 0.997531 0.574349 0.574349 0.999614 0.574349 0.574437 0.574349 0.574349 1.00006 0.574349 0.574349 0.574349 0.574349 0.574349 0.574349 0.574349 0.574349 0.574349 0.574349 0.574349 0.821461 0.574349 0.574349 0.574349 0.574349 0.574349 0.574349 0.574349 0.574349 0.574349 0.574349 0.574349 0.574349 0.574349 0.574349 0.574349 0.574349 0.574349 0.574349 0.574349 0.574349 0.574349 0.574349 0.574349 0.574349 0.574349 0.574349 0.574349 0.574349 0.574349 0.574349 0.574349 0.574349 0.574349 0.574349 0.574349 0.574349 0.574349 0.574349 0.574349 0.574349 0.574349 0.574349 0.574349 0.574349 0.574349 0.574349 0.574349 0.574349 0.574349 0.574349 0.574349 1 0.574349 0.574349 0.574349 0.574349 0.574349 0.574349 0.574349 0.574349 0.574349 0.574349 0.574349 0.574349 0.574349 0.574349 0.574349 0.574349 0.574349 0.574349 0.574349 0.574349 0.574349 0.574349 0.574349 0.574349 0.574349 0.574349 0.574349 0.574349 0.574349 0.574349 0.574349 0.574349 0.574349 0.574349 0.574349 0.574349 0.574349 0.574349 0.574349 0.574349 0.574349 0.574349 0.574349 0.574349 0.574349 0.574349 0.574349 0.574349 0.574349 0.574349 0.574349 0.574349 0.574349 0.574349 0.574349 0.574349 0.574349 0.574349 0.574349 0.574349 0.574349 0.574349 0.574349 0.574349 0.574349 0.574349 0.574349 0.574349 0.574349 0.574349 0.574349 0.574349 0.574349 0.574349 0.574349 0.574349 0.574349 0.574349 0.574349 0.574349 0.574349 0.574349 0.574349 0.574349 0.574349 0.574349 0.574349 0.574349 0.574349 0.574349 0.574349 0.574349 0.574349 0.574349 0.574349 0.574349 0.574349 0.574349 0.574349 0.574349 0.574349 0.574349 0.574351 0.574366 0.574386 0.57417 0.574349 0.569103 0.573101 0.548751 0.574349 0.483641 0.574349 0.574349 0.574349 0.574349 0.574349 0.574349 0.574349 0.574349 0.574349 
36 0.765151 0.811938 0.852825 0.887461 0.915879 0.938403 0.955586 0.968197 0.977204 0.983598 0.988128 0.991347 0.993663 0.996687 0.999542 0.998533 0.99981 0.995375 1.00009 1.00007 0.997725 1.00005 1.00008 0.999128 0.99997 1.00004 1.00001 1 1 1 1.00002 1 1 1 1 1 1.00001 1 1 1.00006 1 1.00003 1 1 1 1 1 1 1 1 1 1 1 1 1 1 1 1 1 1 1 1 1 1 1 1 1 1 1 1 1 1 1 1 1 1 1 1 1 1 1 1 1 1 1 1 1 1 1 1 1 1 1 1 1 1 1 1 1 1 1 1 1 1 1 1 1 1 1 1 1 1 1 1 1 1 1 1 1 1 1 1 1 1 1 1 1 1 1 1 1 1 1 1 1 1 1 1 1 1 1 1 1 1 1 1 1 1 1 1 1 1 1 1 1 1 1 1 1 1 1 1 1 1 1 1 1 1 1 1 1 1 1 1 1 1 1 1 1 1 1 1 1 1 1 1 1 1 1 1 1 1 1 1 1 1 1 1 1 1 1 1 1 1 1 1 1 1 1 1 1 1 1 1 1 1 1 1 1 1 1 1 1 1 1 1 1 1 1 1 1 1 1 1 1 1 1 1 1 1 1 1 1 1 1 1 1 1 1 1 1 1 1 1 1 1 1 1 1 1 1 1 1 1 1 1 1 1 1 1 1 1 1 1 1 1 1 1 1 1 1 1 1 1 1 1 1 1 1 1 1 1 1 1 1 1 1 1 1 1 1 1 1 1 1 1 1 1 1 1 1 1 1 1 1 1 1 1 1 1 1 1 1 1 1 1 1 1 1 1 1 1 1 1 1 1 1 1 1 1 1 1 1 1 1 1 1 1 1 1 1 1 1 1 1 1 1 1 1 1 1 1 1 1 1 1 1 1 1 1 1 1 1 1 1 1 1 1 1 1 1 1 1 1 1 1 1 1 1 1 1 1 1 1 1 1 1 1 1 1 1 1 1 1 1 1 1 1 1 1 1 1 1 1 1 1 1 1 1 1 1 1 1 1 1 1 1 1 1 1 1 1 1 1 1 1 1 1 1 1 1 1 1 1 1 1 1 1 1 1 1 1 1 1 1 1 1 1 1 1 1 1 1 1 1 1 1 1 1 1 1 1 1 1 1 1 1 1 1 1 1 1 1 1 1 1 1 1 1 1 1 1 1 1 1 1 1 1 1 1 1 1 1 1 1 1 1 1 1 1 1 1 1 1 1 1 1 1 1 1 1 1 1 1 1 1 1 1 1 1 1 1 1 1 1 1 1 1 1 1 1 1 1 1 1 1 1 1 1 1 1 1 1 1 1 1 1 1 1 1 1 1 1 1 1 1 1 1 1 1 1 1 1 1 1 1 1 1 1 1 1 1 1 1 1 1 1 1 1 1 1 1 1 1 1 1 1 1 1 1 1 1 1 1 1 1 1 1 1 1 1 1 1 1 1 1 1 1 1 1 1 1 1 1 1 1 1 1 1 1 1 1 1 1 1 1 1 1 1 1 1 1 1 1 1 1 1 1 1 1 1 1 1 1 1 1 1 1 1 1 1 1 1 1 1 1 1 1 1 1 1 1 1 1 1 1 1 1 1 1 1 1 1 1 1 1 1 1 1 1 1 1 1 1 1 1 1 1 1 1 1 1 1 1 1 1 1 1 1 1 1 1 1 1 1 1 1 1 1 1 1 1 1 1 1 1 1 1 1 1 1 1 1 1 1 1 1 1 1 1 1 1 1 1 1 1 1 1 1 1 1 1 1 1 1 1 1 1 1 1 1 1 1 1 1 1 1 1.00001 1.00001 1.00002 1.00005 1.00002 1.00006 1.00004 1.00006 1.00007 1.00003 0.999954 0.999816 0.999256 1 1 0.997393 0.996405 0.995065 0.990407 0.986497 0.998787 0.97313 0.980946 0.962333 0.907858 0.998169 0.852833 0.882058 0.821063 0.999591 0.608274 0.579925 0.57555 0.929848 0.574443 0.574332 0.574293 0.574347 1 0.574349 0.693204 0.574349 0.574349 0.574349 0.574349 0.947995 0.574349 0.574349 0.574349 0.574349 0.574349 0.574349 0.574349 0.574349 0.574349 0.574349 0.574349 0.574349 0.574349 0.574349 0.574349 0.574349 0.574349 0.574349 0.574349 0.574349 0.574349 0.993152 0.574349 0.574349 0.574349 0.574349 0.574349 0.574349 0.574349 0.574349 0.574349 0.574349 0.574349 0.574349 0.574349 0.574349 0.574349 0.574349 0.574349 0.574349 0.574349 0.574349 0.574349 0.574349 0.574349 0.574349 0.574349 0.574349 0.574349 0.574349 0.574349 0.574349 0.574349 0.574349 0.574349 0.574349 0.574349 0.574349 0.574349 0.574349 0.574349 0.574349 0.574349 0.574349 0.574349 0.574349 0.574349 0.574349 0.574349 0.574349 0.574349 0.574349 0.574349 0.574349 0.574349 0.574349 0.574349 0.574349 0.574349 0.574349 0.574349 0.574349 0.574349 0.574349 0.574349 0.574349 0.574349 0.574349 0.574349 0.574349 0.574349 0.574349 0.574349 0.574349 0.574349 0.574349 0.574349 0.574349 0.574349 0.574349 0.574349 0.574349 0.574349 0.574349 0.574349 0.574349 0.574349 0.574349 0.574349 0.574349 0.574349 0.574349 0.574349 0.574349 0.574349 0.574349 0.574349 0.574349 0.574349 0.574349 0.574349 0.574349 0.574349 0.574349 0.574349 0.574349 0.574349 0.574349 0.574349 0.574349 0.574349 0.574349 0.574349 0.574349 0.574349 0.574349 0.574349 0.574349 0.574349 0.574349 0.574349 0.574349 0.574349 0.574349 0.574349 0.574349 0.574349 0.574349 0.574349 0.574349 0.574349 0.574349 0.574349 0.574349 0.574349 0.574349 0.574349 0.574349 0.574349 0.574349 0.574349 0.574349 0.574349 0.574349 0.574349 0.574349 0.574349 0.574349 0.574349 0.574349 0.574349 0.574349 0.574349 0.574349 0.574349 0.574349 0.574349 0.574367 0.574388 0.57416 0.573031 0.574349 0.574349 0.548556 0.574351 0.483375 0.568942 
37 0.764208 0.811083 0.852058 0.886767 0.915238 0.937795 0.954998 0.967626 0.97666 0.983097 0.987682 0.993351 0.990966 0.995132 0.996509 0.997601 0.999079 0.999515 0.999967 0.998452 1.00005 1.00008 1.00004 1.00006 1.00003 1.00001 1.00002 1.00001 1.00009 1 1 1.00009 0.999799 1 1 1 1 1 1 1 1 1 1 1 1 1 1 1 1 1 1 1 1 1 1 1 1 1 1 1 1 1 1 1 1 1 1 1 1 1 1 1 1 1 1 1 1 1 1 1 1 1 1 1 1 1 1 1 1 1 1 1 1 1 1 1 1 1 1 1 1 1 1 1 1 1 1 1 1 1 1 1 1 1 1 1 1 1 1 1 1 1 1 1 1 1 1 1 1 1 1 1 1 1 1 1 1 1 1 1 1 1 1 1 1 1 1 1 1 1 1 1 1 1 1 1 1 1 1 1 1 1 1 1 1 1 1 1 1 1 1 1 1 1 1 1 1 1 1 1 1 1 1 1 1 1 1 1 1 1 1 1 1 1 1 1 1 1 1 1 1 1 1 1 1 1 1 1 1 1 1 1 1 1 1 1 1 1 1 1 1 1 1 1 1 1 1 1 1 1 1 1 1 1 1 1 1 1 1 1 1 1 1 1 1 1 1 1 1 1 1 1 1 1 1 1 1 1 1 1 1 1 1 1 1 1 1 1 1 1 1 1 1 1 1 1 1 1 1 1 1 1 1 1 1 1 1 1 1 1 1 1 1 1 1 1 1 1 1 1 1 1 1 1 1 1 1 1 1 1 1 1 1 1 1 1 1 1 1 1 1 1 1 1 1 1 1 1 1 1 1 1 1 1 1 1 1 1 1 1 1 1 1 1 1 1 1 1 1 1 1 1 1 1 1 1 1 1 1 1 1 1 1 1 1 1 1 1 1 1 1 1 1 1 1 1 1 1 1 1 1 1 1 1 1 1 1 1 1 1 1 1 1 1 1 1 1 1 1 1 1 1 1 1 1 1 1 1 1 1 1 1 1 1 1 1 1 1 1 1 1 1 1 1 1 1 1 1 1 1 1 1 1 1 1 1 1 1 1 1 1 1 1 1 1 1 1 1 1 1 1 1 1 1 1 1 1 1 1 1 1 1 1 1 1 1 1 1 1 1 1 1 1 1 1 1 1 1 1 1 1 1 1 1 1 1 1 1 1 1 1 1 1 1 1 1 1 1 1 1 1 1 1 1 1 1 1 1 1 1 1 1 1 1 1 1 1 1 1 1 1 1 1 1 1 1 1 1 1 1 1 1 1 1 1 1 1 1 1 1 1 1 1 1 1 1 1 1 1 1 1 1 1 1 1 1 1 1 1 1 1 1 1 1 1 1 1 1 1 1 1 1 1 1 1 1 1 1 1 1 1 1 1 1 1 1 1 1 1 1 1 1 1 1 1 1 1 1 1 1 1 1 1 1 1 1 1 1 1 1 1 1 1 1 1 1 1 1 1 1 1 1 1 1 1 1 1 1 1 1 1 1 1 1 1 1 1 1 1 1 1 1 1 1 1 1 1 1 1 1 1 1 1 1 1 1 1 1 1 1 1 1 1 1 1 1 1 1 1 1 1 1 1 1 1 1 1 1 1 1 1 1 1 1 1 1 1 1 1 1 1 1 1 1 1 1 1 1 1 1 1 1 1 1 1 1 1 1 1 1 1 1 1 1 1 1 1 1 1 1 1 1 1 1 1 1 1 1 1 1 1 1 1 1 1 1 1 1 1 1 1 1 1 1 1 1 1 1 1 1 1 1 1 1 1 1 1 1 1 1 1 1 1 1 1 1 1 1.00001 1.00001 1 1 1 1.00002 1.00004 1.00005 1.00006 1.00007 1.00006 0.999214 1.00003 0.998069 0.997252 0.994828 0.992866 0.990076 0.996217 0.999568 0.980549 0.999804 0.99995 0.99872 0.961906 0.947559 0.986128 0.907404 0.972714 1.00003 0.881601 0.852386 0.820654 0.929402 0.69329 0.575619 0.574331 0.574448 0.574349 0.574349 0.574349 0.574349 0.574349 0.580164 0.574349 0.574349 0.608712 0.574349 0.57429 0.574349 0.574349 0.574349 0.574349 0.574349 0.574349 0.574349 0.574349 0.574349 0.574349 0.574349 0.574349 0.574349 0.574349 0.574349 0.574349 0.574349 0.574349 0.574349 0.574347 0.574349 0.574349 0.574349 0.574349 0.574349 0.574349 0.574349 0.574349 0.574349 0.574349 0.574349 0.574349 0.574349 0.574349 0.574349 0.574349 0.574349 0.574349 0.574349 0.574349 0.574349 0.574349 0.574349 0.574349 0.574349 0.574349 0.574349 0.574349 0.574349 0.574349 0.574349 0.574349 0.574349 0.574349 0.574349 0.574349 0.574349 0.574349 0.574349 0.574349 0.574349 0.574349 0.574349 0.574349 0.574349 0.574349 0.574349 0.574349 0.574349 0.574349 0.574349 0.574349 0.574349 0.574349 0.574349 0.574349 0.574349 0.574349 0.574349 0.574349 0.574349 0.574349 0.574349 0.574349 0.574349 0.574349 0.574349 0.574349 0.574349 0.574349 0.574349 0.574349 0.574349 0.574349 0.574349 0.574349 0.574349 0.574349 0.574349 0.574349 0.574349 0.574349 0.574349 0.574349 0.574349 0.574349 0.574349 0.574349 0.574349 0.574349 0.574349 0.574349 0.574349 0.574349 0.574349 0.574349 0.574349 0.574349 0.574349 0.574349 0.574349 0.574349 0.574349 0.574349 0.574349 0.574349 0.574349 0.574349 0.574349 0.574349 0.574349 0.574349 0.574349 0.574349 0.574349 0.574349 0.574349 0.574349 0.574349 0.574349 0.574349 0.574349 0.574349 0.574349 0.574349 0.574349 0.574349 0.574349 0.574349 0.574349 0.574349 0.574349 0.574349 0.574349 0.574349 0.574349 0.574349 0.574349 0.574349 0.574349 0.574349 0.574349 0.574349 0.574349 0.574349 0.574349 0.574349 0.574349 0.574349 0.574349 0.574349 0.574349 0.574368 0.574349 0.574349 0.574149 0.574351 0.574389 0.572959 0.568777 0.483101 0.548356 0.574349 0.574349 
38 0.763242 0.810207 0.851272 0.886055 0.914579 0.93717 0.954394 0.967041 0.976103 0.982582 0.987225 0.990575 0.993032 0.994884 0.996326 0.997474 0.999029 0.999786 1.00009 0.999488 1.00008 1.00004 1.00003 0.99837 1.00005 1.00002 1.00009 1.00001 1.00001 1.00006 1 1 1 1 1 0.999963 1 1 1 1 1 1 1 1 1 1 1 1 1 1 1 1 1 1 1 1 1 1 1 1 1 1 1 1 1 1 1 1 1 1 1 1 1 1 1 1 1 1 1 1 1 1 1 1 1 1 1 1 1 1 1 1 1 1 1 1 1 1 1 1 1 1 1 1 1 1 1 1 1 1 1 1 1 1 1 1 1 1 1 1 1 1 1 1 1 1 1 1 1 1 1 1 1 1 1 1 1 1 1 1 1 1 1 1 1 1 1 1 1 1 1 1 1 1 1 1 1 1 1 1 1 1 1 1 1 1 1 1 1 1 1 1 1 1 1 1 1 1 1 1 1 1 1 1 1 1 1 1 1 1 1 1 1 1 1 1 1 1 1 1 1 1 1 1 1 1 1 1 1 1 1 1 1 1 1 1 1 1 1 1 1 1 1 1 1 1 1 1 1 1 1 1 1 1 1 1 1 1 1 1 1 1 1 1 1 1 1 1 1 1 1 1 1 1 1 1 1 1 1 1 1 1 1 1 1 1 1 1 1 1 1 1 1 1 1 1 1 1 1 1 1 1 1 1 1 1 1 1 1 1 1 1 1 1 1 1 1 1 1 1 1 1 1 1 1 1 1 1 1 1 1 1 1 1 1 1 1 1 1 1 1 1 1 1 1 1 1 1 1 1 1 1 1 1 1 1 1 1 1 1 1 1 1 1 1 1 1 1 1 1 1 1 1 1 1 1 1 1 1 1 1 1 1 1 1 1 1 1 1 1 1 1 1 1 1 1 1 1 1 1 1 1 1 1 1 1 1 1 1 1 1 1 1 1 1 1 1 1 1 1 1 1 1 1 1 1 1 1 1 1 1 1 1 1 1 1 1 1 1 1 1 1 1 1 1 1 1 1 1 1 1 1 1 1 1 1 1 1 1 1 1 1 1 1 1 1 1 1 1 1 1 1 1 1 1 1 1 1 1 1 1 1 1 1 1 1 1 1 1 1 1 1 1 1 1 1 1 1 1 1 1 1 1 1 1 1 1 1 1 1 1 1 1 1 1 1 1 1 1 1 1 1 1 1 1 1 1 1 1 1 1 1 1 1 1 1 1 1 1 1 1 1 1 1 1 1 1 1 1 1 1 1 1 1 1 1 1 1 1 1 1 1 1 1 1 1 1 1 1 1 1 1 1 1 1 1 1 1 1 1 1 1 1 1 1 1 1 1 1 1 1 1 1 1 1 1 1 1 1 1 1 1 1 1 1 1 1 1 1 1 1 1 1 1 1 1 1 1 1 1 1 1 1 1 1 1 1 1 1 1 1 1 1 1 1 1 1 1 1 1 1 1 1 1 1 1 1 1 1 1 1 1 1 1 1 1 1 1 1 1 1 1 1 1 1 1 1 1 1 1 1 1 1 1 1 1 1 1 1 1 1 1 1 1 1 1 1 1 1 1 1 1 1 1 1 1 1 1 1 1 1 1 1 1 1 1 1 1 1 1 1 1 1 1 1 1 1 1 1 1 1 1 1 1 1 1 1 1 1 1 1 1 1 1 1 1 1 1 1 1 1 1 1 1 1 1 1 1 1 1 1 1 1 1 1 1 1 1 1 1 1 1 1 1 1 1 1 1 1 1 1 1 1 1 1 1 1 1 1 1 1 1 1 1 1 1 1 1.00002 1.00003 1 1.00004 1 1 1.00007 1.00005 1.00001 0.999543 1.00001 1.00007 0.999171 0.998652 0.997107 1.00003 0.997966 1.00007 0.999793 0.989737 0.999947 0.972288 0.947111 0.928945 0.994585 0.992573 0.906939 0.996024 0.851927 0.985749 0.980141 0.961468 0.58041 0.575689 0.609162 0.574287 0.57433 0.881132 0.820236 0.574455 0.574347 0.693378 0.574349 0.574349 0.574349 0.574349 0.574349 0.574349 0.574349 0.574349 0.574349 0.574349 0.574349 0.574349 0.574349 0.574349 0.574349 0.574349 0.574349 0.574349 0.574349 0.574349 0.574349 0.574349 0.574349 0.574349 0.574349 0.574349 0.574349 0.574349 0.574349 0.574349 0.574349 0.574349 0.574349 0.574349 0.574349 0.574349 0.574349 0.574349 0.574349 0.574349 0.574349 0.574349 0.574349 0.574349 0.574349 0.574349 0.574349 0.574349 0.574349 0.574349 0.574349 0.574349 0.574349 0.574349 0.574349 0.574349 0.574349 0.574349 0.574349 0.574349 0.574349 0.574349 0.574349 0.574349 0.574349 0.574349 0.574349 0.574349 0.574349 0.574349 0.574349 0.574349 0.574349 0.574349 0.574349 0.574349 0.574349 0.574349 0.574349 0.574349 0.574349 0.574349 0.574349 0.574349 0.574349 0.574349 0.574349 0.574349 0.574349 0.574349 0.574349 0.574349 0.574349 0.574349 0.574349 0.574349 0.574349 0.574349 0.574349 0.574349 0.574349 0.574349 0.574349 0.574349 0.574349 0.574349 0.574349 0.574349 0.574349 0.574349 0.574349 0.574349 0.574349 0.574349 0.574349 0.574349 0.574349 0.574349 0.574349 0.574349 0.574349 0.574349 0.574349 0.574349 0.574349 0.574349 0.574349 0.574349 0.574349 0.574349 0.574349 0.574349 0.574349 0.574349 0.574349 0.574349 0.574349 0.574349 0.574349 0.574349 0.574349 0.574349 0.574349 0.574349 0.574349 0.574349 0.574349 0.574349 0.574349 0.574349 0.574349 0.574349 0.574349 0.574349 0.574349 0.574349 0.574349 0.574349 0.574349 0.574349 0.574349 0.574349 0.574349 0.574349 0.574349 0.574349 0.574349 0.574349 0.574349 0.574349 0.574349 0.574349 0.574349 0.574349 0.574349 0.574349 0.574349 0.574349 0.574391 0.574349 0.574138 0.574352 0.574369 0.572885 0.568608 0.548151 0.482821 0.574349 0.574349 0.574349 0.574349 
39 0.762253 0.80931 0.850466 0.885326 0.913904 0.93653 0.953775 0.966441 0.975532 0.982055 0.986756 0.990175 0.992706 0.99463 0.99946 0.99996 1.00006 1.00009 1.0001 1.00008 0.997344 0.996139 0.998285 1.00005 0.998978 0.999773 1.00001 1.00007 1.00001 1 1 1 1 1.00002 1 1.00003 1 1 1 1 1 1 1 1 1 1 1 1 1 1 1 1 1 1 1 1 1 1 1 1 1 1 1 1 1 1 1 1 1 1 1 1 1 1 1 1 1 1 1 1 1 1 1 1 1 1 1 1 1 1 1 1 1 1 1 1 1 1 1 1 1 1 1 1 1 1 1 1 1 1 1 1 1 1 1 1 1 1 1 1 1 1 1 1 1 1 1 1 1 1 1 1 1 1 1 1 1 1 1 1 1 1 1 1 1 1 1 1 1 1 1 1 1 1 1 1 1 1 1 1 1 1 1 1 1 1 1 1 1 1 1 1 1 1 1 1 1 1 1 1 1 1 1 1 1 1 1 1 1 1 1 1 1 1 1 1 1 1 1 1 1 1 1 1 1 1 1 1 1 1 1 1 1 1 1 1 1 1 1 1 1 1 1 1 1 1 1 1 1 1 1 1 1 1 1 1 1 1 1 1 1 1 1 1 1 1 1 1 1 1 1 1 1 1 1 1 1 1 1 1 1 1 1 1 1 1 1 1 1 1 1 1 1 1 1 1 1 1 1 1 1 1 1 1 1 1 1 1 1 1 1 1 1 1 1 1 1 1 1 1 1 1 1 1 1 1 1 1 1 1 1 1 1 1 1 1 1 1 1 1 1 1 1 1 1 1 1 1 1 1 1 1 1 1 1 1 1 1 1 1 1 1 1 1 1 1 1 1 1 1 1 1 1 1 1 1 1 1 1 1 1 1 1 1 1 1 1 1 1 1 1 1 1 1 1 1 1 1 1 1 1 1 1 1 1 1 1 1 1 1 1 1 1 1 1 1 1 1 1 1 1 1 1 1 1 1 1 1 1 1 1 1 1 1 1 1 1 1 1 1 1 1 1 1 1 1 1 1 1 1 1 1 1 1 1 1 1 1 1 1 1 1 1 1 1 1 1 1 1 1 1 1 1 1 1 1 1 1 1 1 1 1 1 1 1 1 1 1 1 1 1 1 1 1 1 1 1 1 1 1 1 1 1 1 1 1 1 1 1 1 1 1 1 1 1 1 1 1 1 1 1 1 1 1 1 1 1 1 1 1 1 1 1 1 1 1 1 1 1 1 1 1 1 1 1 1 1 1 1 1 1 1 1 1 1 1 1 1 1 1 1 1 1 1 1 1 1 1 1 1 1 1 1 1 1 1 1 1 1 1 1 1 1 1 1 1 1 1 1 1 1 1 1 1 1 1 1 1 1 1 1 1 1 1 1 1 1 1 1 1 1 1 1 1 1 1 1 1 1 1 1 1 1 1 1 1 1 1 1 1 1 1 1 1 1 1 1 1 1 1 1 1 1 1 1 1 1 1 1 1 1 1 1 1 1 1 1 1 1 1 1 1 1 1 1 1 1 1 1 1 1 1 1 1 1 1 1 1 1 1 1 1 1 1 1 1 1 1 1 1 1 1 1 1 1 1 1 1 1 1 1 1 1 1 1 1 1 1 1 1 1 1 1 1 1 1 1 1 1 1 1 1 1 1 1 1 1 1 1 1 1 1 1 1 1 1 1 1 1 1 1 1 1 1 1 1 1 1 1 1 1 1 1 1 1 1 1 1 1 1 1 1 1 1 1 1 1 1 1 1 1 1 1 1 1 1 1 1 1 1 1 1 1 1 1 1 1 1.00001 1.00001 1.00002 1.00003 1.00007 1.00008 1.00004 1.00006 1.00007 1.00003 0.999943 0.999781 0.998581 0.999127 0.999519 0.996958 0.995826 0.994336 0.992272 0.997861 0.979724 0.985361 0.971851 0.961019 0.928476 0.906463 0.880652 0.851458 0.946652 0.819808 0.609624 0.580662 0.575762 0.574461 0.693469 0.574329 0.989389 0.574347 0.574284 0.574349 0.574349 0.574349 0.574349 0.574349 0.574349 0.574349 0.574349 0.574349 0.574349 0.574349 0.574349 0.574349 0.574349 0.574349 0.574349 0.574349 0.574349 0.574349 0.574349 0.574349 0.574349 0.574349 0.574349 1 0.574349 0.574349 1 0.574349 0.574349 0.574349 0.574349 0.574349 0.574349 1 0.574349 0.574349 0.574349 0.574349 0.574349 0.574349 0.574349 0.574349 0.574349 0.574349 0.574349 0.574349 0.574349 0.574349 0.574349 0.574349 0.574349 0.574349 0.574349 0.574349 0.574349 0.574349 0.574349 0.574349 0.574349 0.574349 0.574349 0.574349 0.574349 0.574349 0.574349 0.574349 0.574349 0.574349 0.574349 0.574349 0.574349 0.574349 0.574349 0.574349 0.574349 0.574349 0.574349 0.574349 0.574349 0.574349 0.574349 0.574349 0.574349 0.574349 0.574349 0.574349 0.574349 0.574349 0.574349 0.574349 0.574349 0.574349 0.574349 0.574349 0.574349 0.574349 0.574349 0.574349 0.574349 0.574349 0.574349 0.574349 0.574349 0.574349 0.574349 0.574349 0.574349 0.574349 0.574349 0.574349 0.574349 0.574349 0.574349 0.574349 0.574349 0.574349 0.574349 0.574349 0.574349 0.574349 0.574349 0.574349 0.574349 0.574349 0.574349 0.574349 0.574349 0.574349 0.574349 0.574349 0.574349 0.574349 0.574349 0.574349 0.574349 0.574349 0.574349 0.574349 0.574349 0.574349 0.574349 0.574349 0.574349 0.574349 0.574349 0.574349 0.574349 0.574349 0.574349 0.574349 0.574349 0.574349 0.574349 0.574349 0.574349 0.574349 0.574349 0.574349 0.574349 0.574349 0.574349 0.574349 0.574349 0.574349 0.574349 0.574349 0.574349 0.574349 0.574349 0.574349 0.574349 0.574349 0.574349 0.574349 0.574349 0.574349 0.574349 0.574349 0.574349 0.574349 0.574349 0.574349 0.57437 0.574393 0.572809 0.574126 0.568435 0.574352 0.482533 0.574349 0.574349 0.574349 0.54794 
40 0.761241 0.808391 0.849641 0.884579 0.913213 0.935873 0.953141 0.965826 0.974947 0.981516 0.986277 0.989766 0.992372 0.99437 0.997212 0.998198 0.998925 0.99976 0.999431 1.00006 1.00009 1.00005 1.00007 0.999956 1.00001 1 1 1.00002 1 1 1 1 1 1.00003 1.00001 1.0001 1 1 1 1 1 1 1 1 1 1.0001 1 1 1 1 1 1 1 1 1 1 1 1 1 1 1 1 1 1 1 1 1 1 1 1 1 1 1 1 1 1 1 1 1 1 1 1 1 1 1 1 1 1 1 1 1 1 1 1 1 1 1 1 0.995947 1 1 1 1 1 1 1 1 1 1 1 1 1 1 1 1 1 1 1 1 1 1 1 1 1 1 1 1 1 1 1 1 1 1 1 1 1 1 1 1 1 1 1 1 1 1 1 1 1 1 1 1 1 1 1 1 1 1 1 1 1 1 1 1 1 1 1 1 1 1 1 1 1 1 1 1 1 1 1 1 1 1 1 1 1 1 1 1 1 1 1 1 1 1 1 1 1 1 1 1 1 1 1 1 1 1 1 1 1 1 1 1 1 1 1 1 1 1 1 1 1 1 1 1 1 1 1 1 1 1 1 1 1 1 1 1 1 1 1 1 1 1 1 1 1 1 1 1 1 1 1 1 1 1 1 1 1 1 1 1 1 1 1 1 1 1 1 1 1 1 1 1 1 1 1 1 1 1 1 1 1 1 1 1 1 1 1 1 1 1 1 1 1 1 1 1 1 1 1 1 1 1 1 1 1 1 1 1 1 1 1 1 1 1 1 1 1 1 1 1 1 1 1 1 1 1 1 1 1 1 1 1 1 1 1 1 1 1 1 1 1 1 1 1 1 1 1 1 1 1 1 1 1 1 1 1 1 1 1 1 1 1 1 1 1 1 1 1 1 1 1 1 1 1 1 1 1 1 1 1 1 1 1 1 1 1 1 1 1 1 1 1 1 1 1 1 1 1 1 1 1 1 1 1 1 1 1 1 1 1 1 1 1 1 1 1 1 1 1 1 1 1 1 1 1 1 1 1 1 1 1 1 1 1 1 1 1 1 1 1 1 1 1 1 1 1 1 1 1 1 1 1 1 1 1 1 1 1 1 1 1 1 1 1 1 1 1 1 1 1 1 1 1 1 1 1 1 1 1 1 1 1 1 1 1 1 1 1 1 1 1 1 1 1 1 1 1 1 1 1 1 1 1 1 1 1 1 1 1 1 1 1 1 1 1 1 1 1 1 1 1 1 1 1 1 1 1 1 1 1 1 1 1 1 1 1 1 1 1 1 1 1 1 1 1 1 1 1 1 1 1 1 1 1 1 1 1 1 1 1 1 1 1 1 1 1 1 1 1 1 1 1 1 1 1 1 1 1 1 1 1 1 1 1 1 1 1 1 1 1 1 1 1 1 1 1 1 1 1 1 1 1 1 1 1 1 1 1 1 1 1 1 1 1 1 1 1 1 1 1 1 1 1 1 1 1 1 1 1 1 1 1 1 1 1 1 1 1 1 1 1 1 1 1 1 1 1 1 1 1 1 1 1 1 1 1 1 1 1 1 1 1 1 1 1 1 1 1 1 1 1 1 1 1 1 1 1 1 1 1 1 1 1 1 1 1 1 1 1 1 1 1 1 1 1 1 1 1 1 1 1 1 1 1 1 1 1 1 1 1 1 1 1 1 1 1 1 1 1 1 1 1 1 1 1 1 1 1 1 1 1 1 1 1 1 1 1 1 1 1 1 1 1 1 1 1 1 1 1 1 1 1 1 1 1 1 1 1 1 1 1 1 1 1 1 1 1 1 1 1 1.00001 1.00003 1.00001 1.00006 1.00002 1.00004 1.00008 1.00007 1.00007 0.999938 1.00003 0.999768 1 0.997753 0.996806 0.999493 0.991965 0.999082 0.989033 0.979296 0.960559 0.994081 0.927996 0.995624 0.998509 0.971403 0.880161 0.850978 0.693563 0.610097 0.81937 0.984964 0.580922 0.575837 0.946182 0.574347 0.574468 0.574328 0.574281 0.574349 0.574349 0.574349 0.574349 0.574349 0.574349 0.574349 0.574349 0.574349 0.574349 0.574349 0.574349 0.574349 0.574349 0.574349 0.574349 0.574349 0.574349 0.574349 0.574349 0.574349 0.574349 0.574349 0.574349 0.574349 0.574349 0.905975 0.574349 0.574349 0.574349 0.574349 0.574349 0.574349 0.574349 0.574349 0.574349 0.574349 0.574349 0.574349 0.574349 0.574349 0.574349 0.574349 0.574349 0.574349 0.574349 0.574349 0.574349 0.574349 0.574349 0.574349 0.574349 0.574349 0.574349 0.574349 0.574349 0.574349 0.574349 0.574349 0.574349 0.574349 0.574349 0.574349 0.574349 0.574349 0.574349 0.574349 0.574349 0.574349 0.574349 0.574349 0.574349 0.574349 0.574349 0.574349 0.574349 0.574349 0.574349 0.574349 0.574349 0.574349 0.574349 0.574349 0.574349 0.574349 0.574349 0.574349 0.574349 0.574349 0.574349 0.574349 0.574349 0.574349 0.574349 0.574349 0.574349 0.574349 0.574349 0.574349 0.574349 0.574349 0.574349 0.574349 0.574349 0.574349 0.574349 0.574349 0.574349 0.574349 0.574349 0.574349 0.574349 0.574349 0.574349 0.574349 0.574349 0.574349 0.574349 0.574349 0.574349 0.574349 0.574349 0.574349 0.574349 0.574349 0.574349 0.574349 0.574349 0.574349 0.574349 0.574349 0.574349 0.574349 0.574349 0.574349 0.574349 0.574349 0.574349 0.574349 0.574349 0.574349 0.574349 0.574349 0.574349 0.574349 0.574349 0.574349 0.574349 0.574349 0.574349 0.574349 0.574349 0.574349 0.574349 0.574349 0.574349 0.574349 0.574349 0.574349 0.574349 0.574349 0.574349 0.574349 0.574349 0.574349 0.574349 0.574349 0.574349 0.574349 0.574349 0.574349 0.574349 0.574349 0.574349 0.574349 0.574349 0.574349 0.574349 0.574349 0.574349 0.574352 0.574349 0.574371 0.574395 0.574115 0.572731 0.568257 0.482239 0.547725 0.574349 0.574349 0.574349 
41 0.760207 0.807452 0.848797 0.883814 0.912505 0.935201 0.952491 0.965196 0.974348 0.980964 0.985787 0.989348 0.99203 0.994104 0.995752 0.997076 0.998109 0.999746 0.998871 1.00006 1.0001 0.999401 1.00005 0.999952 1.00003 1.0001 1 1 1.00001 1.00009 1 1.00007 1.00002 1 1.00001 1 1 1 1 1 1 1 1 1 1 1 1 1 1 1 1 1 1 1 1 1 1 1 1 1 1 1 1 1 1 1 1 1 1 1 1 1 1 1 1 1 1 1 1 1 1 1 1 1 1 1 1 1 1 1 1 1 1 1 1 1 1 1 1 1 1 1 1 1 1 1 1 1 1 1 1 1 1 1 1 1 1 1 1 1 1 1 1 1 1 1 1 1 1 1 1 1 1 1 1 1 1 1 1 1 1 1 1 1 1 1 1 1 1 1 1 1 1 1 1 1 1 1 1 1 1 1 1 1 1 1 1 1 1 1 1 1 1 1 1 1 1 1 1 1 1 1 1 1 1 1 1 1 1 1 1 1 1 1 1 1 1 1 1 1 1 1 1 1 1 1 1 1 1 1 1 1 1 1 1 1 1 1 1 1 1 1 1 1 1 1 1 1 1 1 1 1 1 1 1 1 1 1 1 1 1 1 1 1 1 1 1 1 1 1 1 1 1 1 1 1 1 1 1 1 1 1 1 1 1 1 1 1 1 1 1 1 1 1 1 1 1 1 1 1 1 1 1 1 1 1 1 1 1 1 1 1 1 1 1 1 1 1 1 1 1 1 1 1 1 1 1 1 1 1 1 1 1 1 1 1 1 1 1 1 1 1 1 1 1 1 1 1 1 1 1 1 1 1 1 1 1 1 1 1 1 1 1 1 1 1 1 1 1 1 1 1 1 1 1 1 1 1 1 1 1 1 1 1 1 1 1 1 1 1 1 1 1 1 1 1 1 1 1 1 1 1 1 1 1 1 1 1 1 1 1 1 1 1 1 1 1 1 1 1 1 1 1 1 1 1 1 1 1 1 1 1 1 1 1 1 1 1 1 1 1 1 1 1 1 1 1 1 1 1 1 1 1 1 1 1 1 1 1 1 1 1 1 1 1 1 1 1 1 1 1 1 1 1 1 1 1 1 1 1 1 1 1 1 1 1 1 1 1 1 1 1 1 1 1 1 1 1 1 1 1 1 1 1 1 1 1 1 1 1 1 1 1 1 1 1 1 1 1 1 1 1 1 1 1 1 1 1 1 1 1 1 1 1 1 1 1 1 1 1 1 1 1 1 1 1 1 1 1 1 1 1 1 1 1 1 1 1 1 1 1 1 1 1 1 1 1 1 1 1 1 1 1 1 1 1 1 1 1 1 1 1 1 1 1 1 1 1 1 1 1 1 1 1 1 1 1 1 1 1 1 1 1 1 1 1 1 1 1 1 1 1 1 1 1 1 1 1 1 1 1 1 1 1 1 1 1 1 1 1 1 1 1 1 1 1 1 1 1 1 1 1 1 1 1 1 1 1 1 1 1 1 1 1 1 1 1 1 1 1 1 1 1 1 1 1 1 1 1 1 1 1 1 1 1 1 1 1 1 1 1 1 1 1 1 1 1 1 1 1 1 1 1 1 1 1 1 1 1 1 1 1 1 1 1 1 1 1 1 1 1 1 1 1 1 1 1 1 1 1 1 1 1 1 1 1 1 1 1 1 1 1 1 1 1 1 1 1 1 1 1 1 1 1 1 1 1 1 1 1 1 1 1 1 1 1 1 1 1 1 1 1 1 1 1 1 1 1 1 1 1 1 1 1 1 1 1 1 1 1 1 1 1 1 1 1 1 1 1.00002 1.00001 1.00004 1.00006 1.00008 1 1.00007 1.00003 1 0.999467 0.999934 0.998435 0.997642 0.996651 0.995417 1.00001 0.99165 0.99382 1.00003 0.978857 0.970944 0.984558 0.960088 0.9457 0.927504 0.999756 0.905475 0.999036 0.693659 0.850487 0.818923 0.988669 0.575913 0.574278 0.581189 0.879659 1.00008 0.574475 0.610583 0.574347 0.574349 0.574349 0.574349 0.574349 0.574349 0.574349 0.574349 0.574349 0.574349 0.574349 0.574349 0.574349 0.574349 0.574327 0.574349 0.574349 0.574349 0.574349 0.574349 0.574349 0.574349 0.574349 0.574349 0.574349 0.574349 0.574349 0.574349 0.574349 0.574349 0.574349 0.574349 0.574349 0.574349 0.574349 0.574349 0.574349 0.574349 0.574349 0.574349 0.574349 0.574349 0.574349 0.574349 0.574349 0.574349 0.574349 0.574349 0.574349 0.574349 0.574349 0.574349 0.574349 0.574349 0.574349 0.574349 0.574349 0.574349 0.574349 0.574349 0.574349 0.574349 0.574349 0.574349 0.574349 0.574349 0.574349 0.574349 0.574349 0.574349 0.574349 0.574349 0.574349 0.574349 0.574349 0.574349 0.574349 0.574349 0.574349 0.574349 0.574349 0.574349 0.574349 0.574349 0.574349 0.574349 0.574349 0.574349 0.574349 0.574349 0.574349 0.574349 0.574349 0.574349 0.574349 0.574349 0.574349 0.574349 0.574349 0.574349 0.574349 0.574349 0.574349 0.574349 0.574349 0.574349 0.574349 0.574349 0.574349 0.574349 0.574349 0.574349 0.574349 0.574349 0.574349 0.574349 0.574349 0.574349 0.574349 0.574349 0.574349 0.574349 0.574349 0.574349 0.574349 0.574349 0.574349 0.574349 0.574349 0.574349 0.574349 0.574349 0.574349 0.574349 0.574349 0.574349 0.574349 0.574349 0.574349 0.574349 0.574349 0.574349 0.574349 0.574349 0.574349 0.574349 0.574349 0.574349 0.574349 0.574349 0.574349 0.574349 0.574349 0.574349 0.574349 0.574349 0.574349 0.574349 0.574349 0.574349 0.574349 0.574349 0.574349 0.574349 0.574349 0.574349 0.574349 0.574349 0.574349 0.574349 0.574349 0.574349 0.574349 0.574349 0.574349 0.574349 0.574349 0.574349 0.574349 0.574349 0.574349 0.574349 0.574352 0.574397 0.574349 0.574372 0.574103 0.572652 0.547503 0.481937 0.568075 0.574349 0.574349 
42 0.75915 0.806492 0.847935 0.883032 0.911781 0.996937 0.998816 0.999371 0.999732 0.999947 1.0001 1.00006 1.00009 1.00007 1.00005 1.00011 1.00004 1.00002 1.00001 1.00001 1 1 1 0.934514 1 0.964551 0.9804 0.951826 1 1 1 1 1 1 1 1 1 1 1 0.985286 1 1 1 1 1 1 1 1 1 1 0.993833 1 1 0.988921 1 1 1 1 1 1 1 1 0.998019 1 1 1 1 0.973735 1 0.991681 1 1 1 1 1 1 1 0.995552 1 1 1 1 1 1 1 1 1 1 1 1 1 1 1 1 1 1 1 1 1 1 1 1 1 1 1 1 1 1 1 1 1 1 1 1 1 1 1 1 1 1 1 1 1 1 1 1 1 1 1 1 1 1 1 1 1 1 1 1 1 1 1 1 1 1 1 1 1 1 1 1 1 1 1 1 1 1 1 1 1 1 1 1 1 1 1 1 1 1 1 1 1 1 1 1 1 1 1 1 1 1 1 1 1 1 1 1 1 1 1 1 1 1 1 1 1 1 1 1 1 1 1 1 1 1 1 1 1 1 1 1 1 1 1 1 1 1 1 1 1 1 1 1 1 1 1 1 1 1 1 1 1 1 1 1 1 1 1 1 1 1 1 1 1 1 1 1 1 1 1 1 1 1 1 1 1 1 1 1 1 1 1 1 1 1 1 1 1 1 1 1 1 1 1 1 1 1 1 1 1 1 1 1 1 1 1 1 1 1 1 1 1 1 1 1 1 1 1 1 1 1 1 1 1 1 1 1 1 1 1 1 1 1 1 1 1 1 1 1 1 1 1 1 1 1 1 1 1 1 1 1 1 1 1 1 1 1 1 1 1 1 1 1 1 1 1 1 1 1 1 1 1 1 1 1 1 1 1 1 1 1 1 1 1 1 1 1 1 1 1 1 1 1 1 1 1 1 1 1 1 1 1 1 1 1 1 1 1 1 1 1 1 1 1 1 1 1 1 1 1 1 1 1 1 1 1 1 1 1 1 1 1 1 1 1 1 1 1 1 1 1 1 1 1 1 1 1 1 1 1 1 1 1 1 1 1 1 1 1 1 1 1 1 1 1 1 1 1 1 1 1 1 1 1 1 1 1 1 1 1 1 1 1 1 1 1 1 1 1 1 1 1 1 1 1 1 1 1 1 1 1 1 1 1 1 1 1 1 1 1 1 1 1 1 1 1 1 1 1 1 1 1 1 1 1 1 1 1 1 1 1 1 1 1 1 1 1 1 1 1 1 1 1 1 1 1 1 1 1 1 1 1 1 1 1 1 1 1 1 1 1 1 1 1 1 1 1 1 1 1 1 1 1 1 1 1 1 1 1 1 1 1 1 1 1 1 1 1 1 1 1 1 1 1 1 1 1 1 1 1 1 1 1 1 1 1 1 1 1 1 1 1 1 1 1 1 1 1 1 1 1 1 1 1 1 1 1 1 1 1 1 1 1 1 1 1 1 1 1 1 1 1 1 1 1 1 1 1 1 1 1 1 1 1 1 1 1 1 1 1 1 1 1 1 1 1 1 1 1 1 1 1 1 1 1 1 1 1 1 1 1 1 1 1 1 1 1 1 1 1 1 1 1 1 1 1 1 1 1 1 1 1 1 1 1 1 1 1 1 1 1 1 1 1 1 1 1 1 1 1 1 1 1 1 1 1 1 1 1 1 1 1 1 1 1 1 1 1 1 1 1 1 1 1 1 1 1 1 1 1 1 1 1 1 1 1 1 1 1 1 1 1 1 1 1 1 1 1 1 1 1 1 1 1 1 1 1 1 1 1 1 1 1 1 1 1.00001 1.00001 1.00002 1.00003 1.00006 1 1.00008 1 1 1.00005 1 1.00008 1.00009 0.99944 0.999929 1.00003 0.998989 0.999742 0.998359 0.995206 0.984142 0.978409 1 0.988296 0.970475 1 0.927001 0.945207 0.904965 0.879145 0.849986 0.959606 0.996491 0.818466 0.61108 0.581463 0.993553 0.693759 0.997529 0.991329 0.575992 0.574326 0.574349 0.574349 0.574275 0.574346 0.574349 0.574349 0.574482 0.574349 0.574349 0.574349 0.574349 0.574349 0.574349 0.574349 0.574349 0.574349 0.574349 0.574349 0.574349 0.574349 0.574349 0.574349 0.574349 0.574349 0.574349 0.574349 0.574349 0.574349 0.574349 0.574349 0.574349 0.574349 0.574349 0.574349 0.574349 0.574349 0.574349 0.574349 0.574349 0.574349 0.574349 0.574349 0.574349 0.574349 0.574349 0.574349 0.574349 0.574349 0.574349 0.574349 0.574349 0.574349 0.574349 0.574349 0.574349 0.574349 0.574349 0.574349 0.574349 0.574349 0.574349 0.574349 0.574349 0.574349 0.574349 0.574349 0.574349 0.574349 0.574349 0.574349 0.574349 0.574349 0.574349 0.574349 0.574349 0.574349 0.574349 0.574349 0.574349 0.574349 0.574349 0.574349 0.574349 0.574349 0.574349 0.574349 0.574349 0.574349 0.574349 0.574349 0.574349 0.574349 0.574349 0.574349 0.574349 0.574349 0.574349 0.574349 0.574349 0.574349 0.574349 0.574349 0.574349 0.574349 0.574349 0.574349 0.574349 0.574349 0.574349 0.574349 0.574349 0.574349 0.574349 0.574349 0.574349 0.574349 0.574349 0.574349 0.574349 0.574349 0.574349 0.574349 0.574349 0.574349 0.574349 0.574349 0.574349 0.574349 0.574349 0.574349 0.574349 0.574349 0.574349 0.574349 0.574349 0.574349 0.574349 0.574349 0.574349 0.574349 0.574349 0.574349 0.574349 0.574349 0.574349 0.574349 0.574349 0.574349 0.574349 0.574349 0.574349 0.574349 0.574349 0.574349 0.574349 0.574349 0.574349 0.574349 0.574349 0.574349 0.574349 0.574349 0.574349 0.574349 0.574349 0.574349 0.574349 0.574349 0.574349 0.574349 0.574349 0.574349 0.574349 0.574349 0.574349 0.574349 0.574349 0.574349 0.574349 0.574349 0.574349 0.574352 0.574349 0.574349 0.574399 0.574349 0.57409 0.56789 0.481629 0.572571 0.547277 0.574349 0.574373 0.574349 
43 0.75807 0.805512 0.847053 0.882233 0.91104 0.93381 0.951146 0.963892 0.973109 0.979823 0.984774 0.988485 0.991325 0.993556 0.995347 0.998759 0.997926 0.996795 1.00011 0.999339 0.999717 1.00008 1.00005 0.999942 1.00004 1.00006 1.00001 1.00002 1.00011 1 1.0001 1.00001 1 1.00001 1 1 1 1 1 1 1 1 1 1 1 1 1 1 1 1 1 1 1 1 1 1 1 1 1 1 1 1 1 1 1 1 1 1 1 1 1 1 1 1 1 1 1 1 1 1 1 1 1 1 1 1 1 1 1 1 1 1 1 1 1 1 1 1 1 1 1 1 1 1 1 1 1 1 1 1 1 1 1 1 1 1 1 1 1 1 1 1 1 1 1 1 1 1 1 1 1 1 1 1 1 1 1 1 1 1 1 1 1 1 1 1 1 1 1 1 1 1 1 1 1 1 1 1 1 1 1 1 1 1 1 1 1 1 1 1 1 1 1 1 1 1 1 1 1 1 1 1 1 1 1 1 1 1 1 1 1 1 1 1 1 1 1 1 1 1 1 1 1 1 1 1 1 1 1 1 1 1 1 1 1 1 1 1 1 1 1 1 1 1 1 1 1 1 1 1 1 1 1 1 1 1 1 1 1 1 1 1 1 1 1 1 1 1 1 1 1 1 1 1 1 1 1 1 1 1 1 1 1 1 1 1 1 1 1 1 1 1 1 1 1 1 1 1 1 1 1 1 1 1 1 1 1 1 1 1 1 1 1 1 1 1 1 1 1 1 1 1 1 1 1 1 1 1 1 1 1 1 1 1 1 1 1 1 1 1 1 1 1 1 1 1 1 1 1 1 1 1 1 1 1 1 1 1 1 1 1 1 1 1 1 1 1 1 1 1 1 1 1 1 1 1 1 1 1 1 1 1 1 1 1 1 1 1 1 1 1 1 1 1 1 1 1 1 1 1 1 1 1 1 1 1 1 1 1 1 1 1 1 1 1 1 1 1 1 1 1 1 1 1 1 1 1 1 1 1 1 1 1 1 1 1 1 1 1 1 1 1 1 1 1 1 1 1 1 1 1 1 1 1 1 1 1 1 1 1 1 1 1 1 1 1 1 1 1 1 1 1 1 1 1 1 1 1 1 1 1 1 1 1 1 1 1 1 1 1 1 1 1 1 1 1 1 1 1 1 1 1 1 1 1 1 1 1 1 1 1 1 1 1 1 1 1 1 1 1 1 1 1 1 1 1 1 1 1 1 1 1 1 1 1 1 1 1 1 1 1 1 1 1 1 1 1 1 1 1 1 1 1 1 1 1 1 1 1 1 1 1 1 1 1 1 1 1 1 1 1 1 1 1 1 1 1 1 1 1 1 1 1 1 1 1 1 1 1 1 1 1 1 1 1 1 1 1 1 1 1 1 1 1 1 1 1 1 1 1 1 1 1 1 1 1 1 1 1 1 1 1 1 1 1 1 1 1 1 1 1 1 1 1 1 1 1 1 1 1 1 1 1 1 1 1 1 1 1 1 1 1 1 1 1 1 1 1 1 1 1 1 1 1 1 1 1 1 1 1 1 1 1 1 1 1 1 1 1 1 1 1 1 1 1 1 1 1 1 1 1 1 1 1 1 1 1 1 1 1 1 1 1 1 1 1 1 1 1 1 1 1 1 1 1 1 1 1 1 1 1 1 1 1 1 1 1 1 1 1 1 1 1 1 1 1 1 1 1 1 1 1 1 1 1 1 1 1 1 1 1 1 1 1 1 1 1 1 1 1 1 1 1 1 1 1 1 1 1 1 1 1 1 1 1 1 1 1 1 1 1 1 1 1 1 1 1.00001 1 1 1.00001 1.00002 1.00005 1.00008 1 1.00009 1.00008 0.999728 0.999924 1.00003 1.00006 0.997413 0.998282 1.00003 0.994989 0.996329 0.99328 0.987915 0.991 0.983717 0.99894 0.904443 0.944703 0.926487 0.999412 0.87862 0.849474 0.817999 1 0.693861 0.611589 0.581743 0.576073 0.574489 0.969995 0.959112 0.977951 0.574346 0.574349 0.574325 0.574349 0.574349 0.574349 0.574349 0.574349 0.574349 0.574349 0.574349 0.574349 0.574349 0.574272 0.574349 0.574349 0.574349 0.574349 0.574349 0.574349 0.574349 0.574349 0.574349 0.574349 0.574349 0.574349 0.574349 0.574349 0.574349 0.574349 0.574349 0.574349 0.574349 0.574349 0.574349 0.574349 0.574349 0.574349 0.574349 0.574349 0.574349 0.574349 0.574349 0.574349 0.574349 0.574349 0.574349 0.574349 0.574349 0.574349 0.574349 0.574349 0.574349 0.574349 0.574349 0.574349 0.574349 0.574349 0.574349 0.574349 0.574349 0.574349 0.574349 0.574349 0.574349 0.574349 0.574349 0.574349 0.574349 0.574349 0.574349 0.574349 0.574349 0.574349 0.574349 0.574349 0.574349 0.574349 0.574349 0.574349 0.574349 0.574349 0.574349 0.574349 0.574349 0.574349 0.574349 0.574349 0.574349 0.574349 0.574349 0.574349 0.574349 0.574349 0.574349 0.574349 0.574349 0.574349 0.574349 0.574349 0.574349 0.574349 0.574349 0.574349 0.574349 0.574349 0.574349 0.574349 0.574349 0.574349 0.574349 0.574349 0.574349 0.574349 0.574349 0.574349 0.574349 0.574349 0.574349 0.574349 0.574349 0.574349 0.574349 0.574349 0.574349 0.574349 0.574349 0.574349 0.574349 0.574349 0.574349 0.574349 0.574349 0.574349 0.574349 0.574349 0.574349 0.574349 0.574349 0.574349 0.574349 0.574349 0.574349 0.574349 0.574349 0.574349 0.574349 0.574349 0.574349 0.574349 0.574349 0.574349 0.574349 0.574349 0.574349 0.574349 0.574349 0.574349 0.574349 0.574349 0.574349 0.574349 0.574349 0.574349 0.574349 0.574349 0.574349 0.574349 0.574349 0.574349 0.574349 0.574349 0.574349 0.574349 0.574349 0.574349 0.574349 0.574349 0.574349 0.574349 0.574349 0.574349 0.574349 0.574349 0.574401 0.574374 0.574078 0.574352 0.572488 0.547045 0.5677 0.481314 0.574349 0.574349 
44 0.756969 0.804511 0.846154 0.881416 0.910283 0.933091 0.95045 0.963219 0.972469 0.979235 0.984252 0.988039 0.990962 0.993274 0.99665 0.997831 0.999702 0.995139 1.00012 1.0001 1.00008 1.00006 1.00004 1.00002 1.00001 1.00001 0.999937 1.00001 1 0.998701 0.999307 1.00006 1.00011 1 1 1 1 1 1 1 1 1 1 1 1 1 1 1 1 1 1 1 1 1 1 1 1 1 1 1 1 1 1 1 1 1 1 1 1 1 1 1 1 1 1 1 1 1 1 1 1 1 1 1 1 1 1 1 1 1 1 1 1 1 1 1 1 1 1 1 1 1 1 1 1 1 1 1 1 1 1 1 1 1 1 1 1 1 1 1 1 1 1 1 1 1 1 1 1 1 1 1 1 1 1 1 1 1 1 1 1 1 1 1 1 1 1 1 1 1 1 1 1 1 1 1 1 1 1 1 1 1 1 1 1 1 1 1 1 1 1 1 1 1 1 1 1 1 1 1 1 1 1 1 1 1 1 1 1 1 1 1 1 1 1 1 1 1 1 1 1 1 1 1 1 1 1 1 1 1 1 1 1 1 1 1 1 1 1 1 1 1 1 1 1 1 1 1 1 1 1 1 1 1 1 1 1 1 1 1 1 1 1 1 1 1 1 1 1 1 1 1 1 1 1 1 1 1 1 1 1 1 1 1 1 1 1 1 1 1 1 1 1 1 1 1 1 1 1 1 1 1 1 1 1 1 1 1 1 1 1 1 1 1 1 1 1 1 1 1 1 1 1 1 1 1 1 1 1 1 1 1 1 1 1 1 1 1 1 1 1 1 1 1 1 1 1 1 1 1 1 1 1 1 1 1 1 1 1 1 1 1 1 1 1 1 1 1 1 1 1 1 1 1 1 1 1 1 1 1 1 1 1 1 1 1 1 1 1 1 1 1 1 1 1 1 1 1 1 1 1 1 1 1 1 1 1 1 1 1 1 1 1 1 1 1 1 1 1 1 1 1 1 1 1 1 1 1 1 1 1 1 1 1 1 1 1 1 1 1 1 1 1 1 1 1 1 1 1 1 1 1 1 1 1 1 1 1 1 1 1 1 1 1 1 1 1 1 1 1 1 1 1 1 1 1 1 1 1 1 1 1 1 1 1 1 1 1 1 1 1 1 1 1 1 1 1 1 1 1 1 1 1 1 1 1 1 1 1 1 1 1 1 1 1 1 1 1 1 1 1 1 1 1 1 1 1 1 1 1 1 1 1 1 1 1 1 1 1 1 1 1 1 1 1 1 1 1 1 1 1 1 1 1 1 1 1 1 1 1 1 1 1 1 1 1 1 1 1 1 1 1 1 1 1 1 1 1 1 1 1 1 1 1 1 1 1 1 1 1 1 1 1 1 1 1 1 1 1 1 1 1 1 1 1 1 1 1 1 1 1 1 1 1 1 1 1 1 1 1 1 1 1 1 1 1 1 1 1 1 1 1 1 1 1 1 1 1 1 1 1 1 1 1 1 1 1 1 1 1 1 1 1 1 1 1 1 1 1 1 1 1 1 1 1 1 1 1 1 1 1 1 1 1 1 1 1 1 1 1 1 1 1 1 1 1 1 1 1 1 1 1 1 1 1 1 1 1 1 1 1 1 1 1 1 1 1 1 1 1 1 1 1 1 1 1 1 1 1 1 1 1 1 1 1 1 1 1 1 1 1 1 1 1 1 1 1 1 1 1 1 1 1 1 1 1 1 1 1 1 1 1 1 1 1 1 1 1 1 1 1 1 1 1 1 1 1 1 1 1 1 1 1 1 1 1 1 1 1 1 1 1 1 1 1 1 1 1 1 1 1.00001 1.00002 1.00005 1.00003 1.00009 1.00007 1.00008 1.00003 0.999383 1.00001 0.998202 0.994769 0.996163 0.999714 0.99889 0.999919 0.987526 0.993002 0.983283 0.969505 0.958608 0.977483 0.925962 0.997295 0.944188 1.00008 0.990665 0.582031 0.574497 0.574269 0.576157 0.574324 0.574346 0.574349 0.574349 0.903909 0.574349 0.574349 0.574349 0.574349 0.693965 0.848951 0.574349 0.574349 0.574349 0.817524 0.574349 0.574349 0.574349 0.574349 0.574349 0.574349 0.574349 0.574349 0.574349 0.574349 0.61211 0.574349 0.574349 0.574349 0.878085 0.574349 0.574349 0.574349 0.574349 0.574349 0.574349 0.574349 0.574349 0.574349 0.574349 0.574349 0.574349 0.574349 0.574349 0.574349 0.574349 0.574349 0.574349 0.574349 0.574349 0.574349 0.574349 0.574349 0.574349 0.574349 0.574349 0.574349 0.574349 0.574349 0.574349 0.574349 0.574349 0.574349 0.574349 0.574349 0.574349 0.574349 0.574349 0.574349 0.574349 0.574349 0.574349 0.574349 0.574349 0.574349 0.574349 0.574349 0.574349 0.574349 0.574349 0.574349 0.574349 0.574349 0.574349 0.574349 0.574349 0.574349 0.574349 0.574349 0.574349 0.574349 0.574349 0.574349 0.574349 0.574349 0.574349 0.574349 0.574349 0.574349 0.574349 0.574349 0.574349 0.574349 0.574349 0.574349 0.574349 0.574349 0.574349 0.574349 0.574349 0.574349 0.574349 0.574349 0.574349 0.574349 0.574349 0.574349 0.574349 0.574349 0.574349 0.574349 0.574349 0.574349 0.574349 0.574349 0.574349 0.574349 0.574349 0.574349 0.574349 0.574349 0.574349 0.574349 0.574349 0.574349 0.574349 0.574349 0.574349 0.574349 0.574349 0.574349 0.574349 0.574349 0.574349 0.574349 0.574349 0.574349 0.574349 0.574349 0.574349 0.574349 0.574349 0.574349 0.574349 0.574349 0.574349 0.574349 0.574349 0.574349 0.574349 0.574349 0.574349 0.574349 0.574349 0.574349 0.574349 0.574349 0.574349 0.574349 0.574349 0.574349 0.574349 0.574349 0.574349 0.574349 0.574349 0.574349 0.574349 0.574349 0.574349 0.574349 0.574349 0.574349 0.574349 0.574349 0.574349 0.574352 0.574375 0.574403 0.574349 0.572403 0.567505 0.574349 0.574349 0.546808 0.574349 0.574349 0.480991 0.574065 
45 0.755846 0.803491 0.845235 0.880582 0.90951 0.932357 0.94974 0.962531 0.971816 0.978634 0.983719 0.987585 0.990592 0.992986 0.994927 0.999274 0.998641 1.00011 1.00006 1.00012 0.999932 1.0001 1.00006 0.999686 0.997734 1.00001 1.00008 0.996503 1.00004 1 1 1.00001 1 1 1 1 1 1.00001 1 1 1 1 1 1 1 1 1 1 1 1 1 1.00003 1 1 1 1 1 1 1 1 1 1 1 1 1 1 1 1 1 1 1 1 1 1 1 1 1 1 1 1 1 1 1 1 1 1 1 1 1 1 1 1 1 1 1 1 1 1 1 1 1 1 1 1 1 1 1 1 1 1 1 1 1 1 1 1 1 1 1 1 1 1 1 1 1 1 1 1 1 1 1 1 1 1 1 1 1 1 1 1 1 1 1 1 1 1 1 1 1 1 1 1 1 1 1 1 1 1 1 1 1 1 1 1 1 1 1 1 1 1 1 1 1 1 1 1 1 1 1 1 1 1 1 1 1 1 1 1 1 1 1 1 1 1 1 1 1 1 1 1 1 1 1 1 1 1 1 1 1 1 1 1 1 1 1 1 1 1 1 1 1 1 1 1 1 1 1 1 1 1 1 1 1 1 1 1 1 1 1 1 1 1 1 1 1 1 1 1 1 1 1 1 1 1 1 1 1 1 1 1 1 1 1 1 1 1 1 1 1 1 1 1 1 1 1 1 1 1 1 1 1 1 1 1 1 1 1 1 1 1 1 1 1 1 1 1 1 1 1 1 1 1 1 1 1 1 1 1 1 1 1 1 1 1 1 1 1 1 1 1 1 1 1 1 1 1 1 1 1 1 1 1 1 1 1 1 1 1 1 1 1 1 1 1 1 1 1 1 1 1 1 1 1 1 1 1 1 1 1 1 1 1 1 1 1 1 1 1 1 1 1 1 1 1 1 1 1 1 1 1 1 1 1 1 1 1 1 1 1 1 1 1 1 1 1 1 1 1 1 1 1 1 1 1 1 1 1 1 1 1 1 1 1 1 1 1 1 1 1 1 1 1 1 1 1 1 1 1 1 1 1 1 1 1 1 1 1 1 1 1 1 1 1 1 1 1 1 1 1 1 1 1 1 1 1 1 1 1 1 1 1 1 1 1 1 1 1 1 1 1 1 1 1 1 1 1 1 1 1 1 1 1 1 1 1 1 1 1 1 1 1 1 1 1 1 1 1 1 1 1 1 1 1 1 1 1 1 1 1 1 1 1 1 1 1 1 1 1 1 1 1 1 1 1 1 1 1 1 1 1 1 1 1 1 1 1 1 1 1 1 1 1 1 1 1 1 1 1 1 1 1 1 1 1 1 1 1 1 1 1 1 1 1 1 1 1 1 1 1 1 1 1 1 1 1 1 1 1 1 1 1 1 1 1 1 1 1 1 1 1 1 1 1 1 1 1 1 1 1 1 1 1 1 1 1 1 1 1 1 1 1 1 1 1 1 1 1 1 1 1 1 1 1 1 1 1 1 1 1 1 1 1 1 1 1 1 1 1 1 1 1 1 1 1 1 1 1 1 1 1 1 1 1 1 1 1 1 1 1 1 1 1 1 1 1 1 1 1 1 1 1 1 1 1 1 1 1 1 1 1 1 1 1 1 1 1 1 1 1 1 1 1 1 1 1 1 1 1 1 1 1 1 1 1 1 1 1 1 1 1 1 1 1 1 1 1 1 1 1 1 1 1 1 1 1 1 1 1 1 1 1 1 1 1 1 1 1 1 1 1 1 1 1 1 1 1 1 1 1 1 1 1 1 1 1 1 1 1 1 1 1 1 1 1 1 1 1.00001 1 1.00001 1.00002 1.00003 1.00005 1.00007 1 1 1 0.999699 0.999354 0.999913 0.998839 0.997175 0.994544 1.00009 0.995993 0.992718 0.98284 1.00009 0.987129 0.990322 1.00003 1.00008 0.969004 0.998121 0.925425 0.903365 0.943662 0.877538 0.958093 0.612642 0.817039 0.694073 0.574266 0.582326 0.576242 0.574505 0.574349 0.574346 0.574349 0.574349 0.848418 0.977004 0.574323 0.574349 0.574349 0.574349 0.574349 0.574349 0.574349 0.574349 0.574349 0.574349 0.574349 0.574349 0.574349 0.574349 0.574349 0.574349 0.574349 0.574349 0.574349 0.574349 0.574349 0.574349 0.574349 0.574349 0.574349 0.574349 0.574349 0.574349 0.574349 0.574349 0.574349 0.574349 0.574349 0.574349 0.574349 0.574349 0.574349 0.574349 0.574349 0.574349 0.574349 0.574349 0.574349 0.574349 0.574349 0.574349 0.574349 0.574349 0.574349 0.574349 0.574349 0.574349 0.574349 0.574349 0.574349 0.574349 0.574349 0.574349 0.574349 0.574349 0.574349 0.574349 0.574349 0.574349 0.574349 0.574349 0.574349 0.574349 0.574349 0.574349 0.574349 0.574349 0.574349 0.574349 0.574349 0.574349 0.574349 0.574349 0.574349 0.574349 0.574349 0.574349 0.574349 0.574349 0.574349 0.574349 0.574349 0.574349 0.574349 0.574349 0.574349 0.574349 0.574349 0.574349 0.574349 0.574349 0.574349 0.574349 0.574349 0.574349 0.574349 0.574349 0.574349 0.574349 0.574349 0.574349 0.574349 0.574349 0.574349 0.574349 0.574349 0.574349 0.574349 0.574349 0.574349 0.574349 0.574349 0.574349 0.574349 0.574349 0.574349 0.574349 0.574349 0.574349 0.574349 0.574349 0.574349 0.574349 0.574349 0.574349 0.574349 0.574349 0.574349 0.574349 0.574349 0.574349 0.574349 0.574349 0.574349 0.574349 0.574349 0.574349 0.574349 0.574349 0.574349 0.574349 0.574349 0.574349 0.574349 0.574349 0.574349 0.574349 0.574349 0.574349 0.574349 0.574349 0.574349 0.574349 0.574349 0.574349 0.574349 0.574349 0.574349 0.574349 0.574349 0.574349 0.574349 0.574349 0.574349 0.574349 0.574349 0.574349 0.574349 0.574349 0.574349 0.574349 0.574349 0.574349 0.574349 0.574376 0.574349 0.574349 0.574405 0.574051 0.572317 0.480663 0.574352 0.546566 0.567307 
